Difficulty,Type,Question,Correct Answer,Wrong 1,Wrong 2,Wrong 3
hard,estimate,How many voice channels does the Nintendo Entertainment System support natively?,5,4,6,3
hard,multiple,"What is the real name of ""Warhead"" in the Sega Genesis game ""Vectorman""?",Raster,Peacehead,Vectorkid,Bitmap
medium,multiple,Which of these is NOT a terrorist faction in Counter-Strike (2000)?,Midwest Militia,Phoenix Connection,Elite Crew,Guerrilla Warfare
hard,multiple,"Which team won the ""Tom Clancy's Rainbow Six Siege"" Invitational Event February 2017 in the PC Category?",Continuum,GIFU,Santos Dexterity,eRa Eternity
hard,multiple,"""Banjo-Kazooie"" originally started its development as a totally different game for the SNES under which codename?",Project Dream,Project Ukulele,Project Land,Project BK
easy,multiple,Which of these following weapon or equipment exists in Counter Strike but not in Counter Strike: Source?,Tactical Shield,Molotov Cocktail,MP5 Navy,TMP
easy,multiple,What ingredients are required to make a cake in Minecraft?,"Milk, Sugar, Egg, and Wheat","Milk, Bread, Egg, and Wheat","Milk, Sugar Cane, Egg, and Wheat","Milk, Sugar, and Wheat"
hard,multiple,"In Geometry Dash, what is level 13?",Electroman Adventures,Theory of Everything,Clubstep ,Clutterfunk
easy,multiple,"Which ""Fallout: New Vegas"" quest is NOT named after a real-life song?",They Went That-a-Way,Come Fly With Me,Ain't That a Kick in the Head,Ring-a-Ding Ding
medium,multiple,"In Portal 2, which solar system body did Wheatley end up orbiting?",The moon,Earth,Jupiter,Mars
medium,multiple,"Which of these is the only fighter in the game ""Super Smash Bros. Melee"" capable of dealing damage with their taunt animation?",Luigi,Mr. Game & Watch,Jigglypuff,Pichu
medium,multiple,"In Dota 2, what is Earthshaker's real name?",Raigor Stonehoof,Banehallow Ambry,Carl,Barathrum
medium,multiple,Who created the Final Fantasy series developed by Square Enix?,Hironobu Sakaguchi,Yuji Horii,Akira Toriyama,Tetsuya Nomura
easy,multiple,Which of the following games has the largest map size?,Just Cause 2,Grand Theft Auto 5,The Elder Scrolls 4:  Oblivion,The Witcher 3:  Wild Hunt
medium,estimate,How many controllers could a Nintendo GameCube have plugged in at one time?,4,8,6,2
easy,multiple,"In the Half-Life series, Gordon Freeman's signature weapon is a:",Crowbar,Sledgehammer,Fiber Wire,Katana
medium,multiple,"Which Crypt of the NecroDancer (2015) character has a soundtrack by Jake ""Virt"" Kaufman?",Uncle Eli,Cadence,Nocturna,Octavian (Bard)
medium,multiple,Which of these is NOT a game under the Worms series?,Major Malfunction,Crazy Golf,Clan Wars,Ultimate Mayhem
hard,estimate,"What is the highest level that you can reach in ""The Elder Scrolls 4: Oblivion"" without considering skill levels, class, and birthsign?",50,No limit,80,100
easy,boolean,Codemasters is the developer of the Gran Turismo series.,False,True,,
medium,multiple,"Which of these is NOT DLC for the video game called ""Tabletop Simulator""?",The Binding of Isaac: Four Souls,Three Kingdoms Redux,Superfight,Mr. Game!
medium,multiple,"Who voices the character ""Vernon Cherry"" in ""Red Dead Redemption""?",Casey Mongillo,Tara Strong,Troy Baker,Rob Wiethoff
hard,boolean,"The Paradox Interactive game ""Stellaris"" was released in 2016.",True,False,,
medium,multiple,"In Dead by Daylight, which killer perk applies the mangled effect?",Sloppy Butcher,Knock Out,Thanatophobia,Enduring
medium,multiple,How much does the 'AWP' cost in Counter-Strike: Global Offensive?,$4750,$4500,$4650,$5000
easy,multiple,Which of the following was NOT a playable character in the game Kingdom Hearts: Birth by Sleep?,Ignis,Ventus,Terra,Aqua
easy,multiple,Which of the following is not a character in the Street Fighter series?,Mai Shiranui,Laura Matsuda,Sakura Kasugano,Ibuki
easy,multiple,"Half-Life by Valve uses the GoldSrc game engine, which is a highly modified version of what engine?",Quake Engine,Doom Engine,id Engine,Source Engine
medium,multiple,Which soccer player is featured on the cover of EA Sport's FIFA 18?,Cristiano Ronaldo,Lionel Messi,Neymar,Harry Kane
easy,boolean,"Several characters in ""Super Mario 64"" blink their eyes, including Mario himself.",True,False,,
medium,multiple,"In ""Paper Mario: The Thousand Year Door"", what is Hooktail's weakness?",The Sound of Crickets,Attacks from Koopas,"The ""Ice Storm"" Item",The Hammer
hard,multiple,"In the game Nuclear Throne, what organization chases the player character throughout the game?",The I.D.P.D,The Fishmen,The Bandits,The Y.V.G.G
medium,multiple,What is Solid Snake's real name?,David,Solid Snake,John,Huey
medium,multiple,"In Portal, what color is the Intelligence Core?",Blue,Purple,Red,Orange
easy,estimate,How many differently shaped Tetris pieces are there?,7,5,6,8
hard,multiple,Which of these characters wasn't a villian in Club Penguin?,The Director,Herbert P. Bear,Tusk,Ultimate Proto-Bot 10000
medium,boolean,"In ""League of Legends"", there exists four different types of Dragon.",False,True,,
medium,multiple,"Who created the pump ""F.L.U.D.D."" Mario uses in Super Mario Sunshine?",Elvin Gadd,Robert Fludd,Nirona,Crygor
hard,multiple,"Before Super Smash Bros. contained Nintendo characters, what was it known as internally?",Dragon King: The Fighting Game,Contest of Champions,Smash and Pummel,Fighter of the Ages: Conquest
medium,boolean,A cancelled Call Of Duty title would have taken place in ancient Rome.,True,False,,
medium,multiple,"In the PAYDAY series, who is the iconic leader of the PAYDAY gang?",Dallas,Wolf,Chains,Hoxton
hard,multiple,"In the title of the game ""Luigi's Mansion"", what is the only letter to not appear with a pair of eyes in it?",s,n,i,m
medium,multiple,"In Overwatch, what is Lúcio's full name?",Lúcio Correia Dos Santos,Lúcio Luiz Lós Guilherme,Lúcio João Lucas,Lúcio Chupar Prima
medium,boolean,Pistons were added to Minecraft in Beta 1.5.,False,True,,
easy,multiple,"In Counter-Strike: Global Offensive, what's the rarity of discontinued skins called?",Contraband,Discontinued,Diminished,Limited
medium,multiple,"In the game The World Ends With You, all of these characters act as a game partner with Neku for a week except:",Rhyme,Shiki,Joshua,Beat
easy,boolean,"In Pokémon, Bulbasaur is the only starter pokemon that is a Grass/Poison type.",True,False,,
medium,estimate,"In Overwatch, how old is Reinhardt Wilhelm?",61,59,65,62
medium,multiple,What is the subtitle for Gran Turismo 3?,A-Spec,Championship,Drive,Nitro
easy,boolean,Pac-Man was invented by the designer Toru Iwatani while he was eating pizza.,True,False,,
easy,boolean,"The song ""Megalovania"" by Toby Fox made its third appearence in the 2015 RPG ""Undertale"".",True,False,,
easy,boolean,"In the Monster Hunter Series, it is possible to capture Elder Dragons.",False,True,,
medium,multiple,In which Mario game did the Mega Mushroom make its debut?,Mario Party 4,New Super Mario Bros.,Mario Kart Wii,Super Mario 3D World
hard,multiple,"Which of these characters was considered, but ultimately not included, for Super Smash Bros. Melee?",James Bond,Diddy Kong,Mega Man,Wave Racer
hard,multiple,Where are Terror Fiends more commonly found in the Nintendo game Miitopia?,New Lumos,Peculia,The Sky Scraper,Otherworld
easy,boolean,"The main character in the ""Half-Life"" franchise is named Morgan Freeman.",False,True,,
easy,multiple,"Who is the writer of the game ""Half-Life""?",Marc Laidlaw,Gabe Newell,Robin Walker,Chet Faliszek
easy,multiple,"What is the Alien Race in the game ""Lego Racers 2"" known as?",Ramas,Slizers,Roboriders,Turagas
medium,multiple,"In Cook, Serve, Delicious!, which food is NOT included in the game?",Pie,Shish Kabob,Hamburger,Lasagna
easy,multiple,Who was the voice actor for Snake in Metal Gear Solid V: The Phantom Pain?,Kiefer Sutherland,David Hayter,Norman Reedus,Hideo Kojima
medium,estimate,When was Nintendo's Virtual Boy released?,1995,1989,1997,1992
easy,multiple,"Which of the following games was NOT included in Valve's ""The Orange Box""?",Left 4 Dead,Half-Life 2: Episode Two,Portal,Team Fortress 2
medium,multiple,Which of these games was the earliest known first-person shooter with a known time of publication?,Spasim,Doom,Wolfenstein,Quake
hard,boolean,"In The Witcher 3, the Zoltan Chivay Gwent card can be found under the Hanged Man's Tree.",True,False,,
easy,boolean,"""Metal Gear Solid 3: Snake Eater"" was released in 2004.",True,False,,
easy,multiple,"Who is the protagonist in the game ""The Walking Dead: Season One""?",Lee Everett,Clementine,Kenny,Rick Grimes
hard,multiple,"In the game ""Overwatch,"" which quote does the hero ""McCree"" NOT say upon using his flashbang ability?","""You done?""","""Whoa there.""","""Hold up now.""","""Don't move."""
hard,multiple,"In Rainbow 6 Siege, what is Mozzie's real name?",Max Goose,Mick Seagull,Hugo Sparrow,Dan Bird
hard,multiple,What is the name of the main character in the video game VA-11 HALL-A: Cyberpunk Bartender Action?,Jill,Dana,Alma,Anna
medium,boolean,"In Monster Hunter Generations, guild style is a type of hunting style.",True,False,,
easy,multiple,Which of the following characters is NOT a female marriage candidate in the game Stardew Valley?,Caroline,Abigail,Haley,Leah
easy,multiple,What is the main ship used by Commander Shepard in the Mass Effect Franchise called?,Normandy,Osiris,Infinity,Endeavour
medium,multiple,How many Chaos Emeralds can you collect in the first Sonic The Hedgehog?,Six,Seven,Five,Eight
easy,boolean,"In the Fallout: New Vegas add-on Lonesome Road, Ulysses wields a flag pole named The Liberator.",False,True,,
easy,boolean,"The game ""Battlefield 1"" takes place during World War I.",True,False,,
medium,multiple,Which city hosted the CS:GO Dreamhack Open 2015?,Cluj-Napoca,Cologne,Atlanta,London
hard,multiple,"In the video game ""Metal Gear Solid"", what did Revolver Ocelot consider the greatest handgun ever made?",Colt Single Action Army,Colt Python,Colt M1892,Colt 1851 Navy Revolver
medium,boolean,"In ""Overwatch,"" an allied McCree will say ""Step right up"" upon using his ultimate ability Deadeye.",True,False,,
easy,estimate,"In Kingdom Hearts, how many members does Organization XIII have in total?",14,10,13,12
medium,multiple,"In the original DOOM games, which of the following demons is a recolor of the Baron of Hell, but is weaker than the Baron?",Hell Knight,Mancubus,Pinky,Arch-Vile
easy,multiple,"In the game ""DELTARUNE"", what is Ralsei's special ability?",Pacify,Persuade,Eliminate,Hug
medium,multiple,One of the early prototypes of the Sega Dreamcast controller resembled which of the following?,Television Remote,Tablet,Hairdryer,Flip Phone
medium,multiple,Which of the following characters were considered for inclusion in Super Smash Bros. Melee?,Lucas,Mega Man,Meta Knight,Diddy Kong
easy,multiple,Which Super Mario video game when they introduce Bowser Jr. for the first time?,Super Mario Sunshine,Mario Party series,Super Mario Galaxy,Mario & Luigi: Bowser's Inside Story + Bowser Jr.'s Journey
medium,multiple,"The first game in the Touhou Project, ""Highly Responsive to Prayers"", is part of which genre?",Breakout/Arkanoid,Shoot 'em Up,Puzzle,Fighter
easy,multiple,What is the name of the talking cat in Persona 5?,Morgana,Teddie,Marie,Ryuji
hard,boolean,"In the game ""Melty Blood Actress Again Current Code"", you can enter Blood Heat mode in Half Moon style.",False,True,,
medium,multiple,"Who created Agent 47 in the game series ""Hitman""?",Dr. Otto Wolfgang Ort-Meyer,Professor Hertz Amadeus Schneider,Dr. Josef Mengele,Professor Otto Rothwinkler
medium,multiple,"Which pop singer was brought in by SEGA to produce the music for ""Sonic the Hedgehog 3""?",Michael Jackson ,Prince,George Michael,Vanilla Ice 
medium,multiple,What snowy mob was added in Minecraft 1.10?,Polar bears,Eskimos,Penguins,Walking TNT
medium,multiple,What was the first PlayStation game to require the use of the DualShock controller?,Ape Escape,Metal Gear,Tekken ,Tomba 2!
medium,multiple,"Which of the following games in the Anno series introduced the ""Eco Balance"" gameplay mechanic?",Anno 2070,Anno 1404,Anno 2205, Anno 1701
hard,multiple,"In Animal Crossing: New Leaf, which of these paintings from Redd's Art Gallery is always genuine?",Warm Painting,Jolly Painting,Neutral Painting,Wistful Painting
easy,multiple,"What is the name of the world that the MMO ""RuneScape"" takes place in?",Gielinor,Glindor,Azeroth,Zaros
easy,multiple,"In the video game Team Fortress 2, which of these is NOT a primary?",Medigun,Scattergun,Grenade Launcher,Rocket Launcher
easy,multiple,"The ""Day of Defeat"" series of games take place during which war?",World War II,World War I,Vietnam War,Iraq War
easy,estimate,How many flagship monsters appear in Monster Hunter Gernerations?,4,1,2,3
hard,multiple,"Which gaming series includes ""The Diabolical Box"" and ""The Curious Village""?",Professor Layton,Persona,Etrian Odyssey,Sam & Max
medium,estimate,"In the ""Call Of Duty: Zombies"" map ""Origins"", how many numbered power generators are there?",6,8,5,3
medium,multiple,"In Undertale, how much do Spider Donuts cost in Hotland?",9999G,7G,40G,12G
medium,multiple,Which CS:GO eSports team won the major event ESL One Cologne 2016?,SK Gaming,Team Liquid,Fnatic,Virtus.pro
easy,multiple,The name of the Metroid series comes from what?,An enemy in the game,The final boss's name,The main character's name,A spaceship's name
medium,estimate,How old is Chloe Price in Life is Strange: Before the Storm?,16,24,19,15
easy,boolean,The PlayStation was originally a joint project between Sega and Sony that was a Sega Genesis with a disc drive.,False,True,,
easy,multiple,Who is the main character of the game Half-Life: Opposing Force?,Adrian Shephard,Gordon Freeman,Alyx Vance,Barney Calhoun
easy,multiple,"In ""Overwatch"", what is the name of the company that made D.Va's mech?",MEKA,MI8,KPAMC,JSAMB
medium,estimate,"In Splatoon, what is the age that inklings can freely change between squid and humanoid forms?",14,13,16,10
medium,multiple,"In the ""Halo"" franchise, in what country is New Mombasa?",Kenya,India,Turkey,Slovakia
medium,boolean,"In ""Team Fortress 2"", the ""Bill's Hat"" is a reference to the game ""Dota 2"".",False,True,,
hard,multiple,"In the remake of ""Resident Evil 2"", which medallion does not exist?",Dragon Medallion,Lion Medallion,Unicorn Medallion,Maiden Medallion
medium,multiple,What is the only Generation III Pokemon whose name begins with the letter I?,Illumise,Infernape,Ivysaur,Igglybuff
medium,multiple,Who was Tetris created by?,Alexey Pajitnov,Toru Iwatani,Allan Alcorn,William Higinbotham
hard,multiple,"The 'D' in the term ""D-Mail"" from the game ""Steins; Gate"" is short for what?",DeLorean,Deep,Demo,Dev
medium,multiple,What CS:GO case contains the Butterfly Knife?,Breakout Case,Shadow Case,Vanguard Case,Esports 2014 Case
medium,multiple,What is a Tetris piece called?,Tetromino,Tetratile,Tetris,Tetripiece
medium,multiple,"What engine did the original ""Half-Life"" run on?",GoldSrc,Source,Quake,Unreal
medium,multiple,"What was the first ""Team Fortress 2"" update to include a war?",Sniper vs. Spy Update,WAR! Update,Meet Your Match Update,Spy Vs. Engineer Update
hard,multiple,When was the Valve Corporation founded?,"August 24, 1996","December 26, 1994","March 22, 1997","March 13, 1997"
easy,multiple,Who is the creator of Touhou project?,Zun,Jun,Twilight Frontier,Tasofro
easy,estimate,How many games in the Crash Bandicoot series were released on the original Playstation?,5,4,3,6
easy,multiple,When was Left 4 Dead 2 released?,"November 17, 2009","May 3, 2008","November 30, 2009","June 30, 2010"
medium,multiple,The '64' in the Nintendo-64 console refers to what?,The bits in the CPU architecture,The number of megabytes of RAM,Capacity of the ROM Cartridges in megabytes,Clock speed of the CPU in Hertz
hard,boolean,"In Undertale, having a ""Fun Value"" set to 56-57 will play the ""Wrong Number Song Call"".",False,True,,
hard,multiple,"In the Animal Crossing series, which flower is erroneously called the ""Jacob's Ladder""?",Lily of the Valley,Hydrangea,Harebell,Yarrow
hard,multiple,Which retro video game was released first?,Space Invaders,Galaga,Pac-Man,Asteroids
easy,estimate,What year was the game Dishonored released?,2012,2011,2008,2013
easy,multiple,Which game did NOT get financed via Crowdfunding?,Enter the Gungeon,Town of Salem,Undertale,Tower Unite
medium,multiple,"In Minecraft: Java Edition, which of the following feature/block was added to Survival mode in Beta 1.3?",Beds,Hunger,The Nether,Grass
hard,multiple,The creation of the  Entertainment Software Ratings Board (ESRB) is often associated with Mortal Kombat and what FMV video game?,Night Trap,Sewer Shark,The Daedalus Encounter,Corpse Killer
medium,multiple,Which of these was NOT a launch title for the Nintendo 64?,Mario Kart 64,Super Mario 64,Pilotwings 64,Saikyō Habu Shōgi
medium,multiple,"What is the name of the only female ""Original Four"" Kerbal in Kerbal Space Program?",Valentina Kerman,Emiko Kerman,Samantha Kerman,Catmund Kerman
medium,multiple,"Which of these blocks in ""Minecraft"" has the lowest blast resistance?",Sand,End Stone,Water,Wood Planks
medium,boolean,Resident Evil 4 was originally meant to be a Nintendo GameCube exclusive.,True,False,,
medium,multiple,"In the ""Call Of Duty: Zombies"" map ""Moon"", there is a secondary called the QED. What does QED stand for?",Quantum Entanglement Device,Quad Ectoplasmic Driver,Question Every Dog,Quality Edward Device
medium,boolean,Shang Tsung is a playable character in Mortal Kombat XL.,False,True,,
easy,multiple,"Who is the founder of Team Fortress 2's fictional company ""Mann Co""?",Zepheniah Mann,Cave Johnson,Wallace Breem,Saxton Hale
easy,boolean,"In ""Super Mario Bros."", the clouds and bushes have the same artwork and are just different colors.",True,False,,
medium,multiple,"In the Super Smash Bros. series, which game first featured Luigi as a playable character?",Super Smash Bros.,Super Smash Bros. Melee,Super Smash Bros. Brawl,Super Smash Bros. for Wii U
medium,multiple,"In ""Kingdom Hearts"", who abducts Jasmine in the Lamp Chamber?",Riku,Riku Replica,Xaldin,Captain Hook
easy,boolean,The protagonist of Dead Rising 3 is called Chuck Greene.,False,True,,
medium,multiple,"When was Chapter 1 of the Source Engine mod ""Underhell"" released?","September 1st, 2013","March 3rd, 2011","September 12th, 2013","October 2nd, 2012"
easy,multiple,"Who created the 2011 Video Game ""Minecraft""?",Markus Persson,Jens Bergensten,Daniel Rosenfeld,Carl Manneh
medium,multiple,"In ""Call of Duty: Zombies"", what group does Doctor Maxis work for?",Group 935,Group Reanimate,Group Rezurrection,Division 9
easy,multiple,Who turns out to be the true victor in the Battle of Armageddon in Mortal Kombat?,Shao Kahn,Liu Kang,Shang Tsung,Raiden
medium,multiple,"From the Meme Culture, which Mario game immerged ""Weegee""?",Mario is Missing! MS-DOS Version ,Mario is Missing! SNES Version,Mario is Missing! NES Version,Mario is Missing! MSX Version
easy,estimate,"If a ""360 no-scope"" is one full rotation before shooting, how many rotations would a ""1080 no-scope"" be?",3,4,2,5
easy,multiple,Valve Corporation is an American video game developer located in which city?,"Bellevue, Washington","Austin, Texas","Seattle, Washington","San Francisco, California"
hard,multiple,"What was the first game to utilize Valve's ""Source 2"" engine?",Dota 2,Counter-Strike: Global Offensive,"Pirates, Vikings & Knights II",Artifact
easy,multiple,"In the game Warframe, what is the bipedal robot from the Corpus faction called?",MOA,Corpus Tech,Crewman,Corpus Walker
hard,multiple,"In ""The Binding of Isaac"", which item instantly kills Mom and Mom's Heart?",The Bible,The Halo,Brimstone,Book of Shadows
hard,multiple,"In the popular MOBA League of Legends, which of the following champions is nicknamed ""the Virtuoso""?",Jhin,Kayle,Ezreal,Camille
hard,multiple,"In the Fallout series, on which date did The Great War happen?","October 23rd, 2077","May 15th, 2058","December 14th, 2069","November 5th, 2076"
easy,multiple,Who is the protagonist in Dead Rising (2006)?,Frank West,Chuck Greene,John North,Jason Grey
easy,multiple,Which Animal Crossing game was for the Nintendo Wii?,Animal Crossing: City Folk,Animal Crossing: New Leaf,Animal Crossing: Wild World,Animal Crossing: Population Growing!
easy,multiple,"When was ""Luigi's Mansion 3"" released?","October 31st, 2019","January 13th, 2019","September 6th, 2018","October 1st, 2019"
medium,multiple,"In the ""Neptunia"" series which nation does Neptune rule over?",Planeptune,Lastation,Leanbox,Lowee
easy,estimate,What minimum level in the Defence skill is needed to equip Dragon Armour in the MMO RuneScape?,60,65,55,70
hard,multiple,"In Stardew Valley, what is the reward for completing all of the Bulletin Board bundles?",Additional Friendship points,Glittering Boulder removed,Bus is repaired,Greenhouse
hard,multiple,Which of these characters from Final Fantasy VIII primarily spoke in one word sentences?,Fujin,Raijin,Seifer,Zell
medium,estimate,"How many zombies need to be killed to get the ""Zombie Genocider"" achievement in Dead Rising (2006)?","53,594","53,593","53,595","53,596"
medium,multiple,"What system was ""Touhou: Highly Responsive to Prayers"" released on?",PC-98,OSX 10.9.5,Windows ME,Windows 98
hard,multiple,Which of the following games was NOT included in Valve's Orange Box?,Counter-Strike,Portal,Half-Life 2: Episode Two,Team Fortress 2
easy,boolean,English new wave musician Gary Numan founded the video game development company Facepunch Studios in March 2009.,False,True,,
easy,estimate,"In ""Mario & Sonic at the Olympic Games"", characters are split into how many types?",4,6,5,3
medium,multiple,"In the Portal series, Aperture Science was founded under what name in the early 1940s?",Aperture Fixtures,Aperture Lavatories,Aperture Science Innovators,Wheatley Laboratories
medium,multiple,What is the world's first video game console?,Magnavox Odyssey,Coleco Telstar,Nintendo Color TV Game,Atari 2600
medium,multiple,"In Call Of Duty: Black Ops II, who is the main antagonist?",Raul Menéndez ,Vladimir Makarov ,Frank Woods,DeFalco
easy,boolean,"In the ""S.T.A.L.K.E.R."" series, the Freedom faction wishes to destroy the supernatural area known as  ""the Zone"".",False,True,,
medium,multiple,"Which of the following colors does the Zombie eyes glow in the ""Nuketown"" map in ""Call of Duty: Black Ops II"" Zombies mode?",Yellow and Blue,Yellow and Red,Red and Blue,Blue and White
easy,multiple,Who are the original creators of Rachet & Clank?,Insomniac Games,PixelTail Games,Rare,Bethesda
medium,multiple,"In Touhou: Embodiment of Scarlet Devil, what song plays during Flandre Scarlet's boss fight?",U.N. Owen Was Her,Septette for the Dead Princess,Flowering Night,Pierrot of the Star-Spangled Banner
medium,multiple,"Which of these songs does NOT play during the Ruins segments of the 2015 game ""Undertale""?",Another Medium,Anticipation,Unnecessary Tension,Ruins
medium,multiple,"In ""Kingdom Hearts"", what mission are Donald and Goofy assigned by King Mickey?",To find the Key bearer and stick with him!,To find the Key bearer and steal the key!,To find the Key bearer and report back!,To find the Key bearer and kill him!
easy,multiple,"What is the name of the main character in ""Life is Strange""?",Maxine Caulfield,Victoria Chase,Stella Hill,Chloe Price
easy,multiple,Which one of these characters is NOT a playable fighter in Super Smash Bros. Ultimate?,Kumatora,King K. Rool,Incineroar,Corrin
medium,estimate,"In the game Pokémon Conquest, how many kingdoms make up the region of Ransei?",17,18,15,16
medium,boolean,"In World of Warcraft lore, Thrall is the original wielder of ""Doomhammer"".",False,True,,
medium,multiple, Which of these champions from the MOBA 'League of Legends' is NOT a Yordle?,Annie,Veigar,Tristana,Lulu
hard,estimate,How many playable characters are there in Super Smash Bros. for Nintendo 3DS and Wii U?,58,48,51,55
medium,multiple,"According to Overwatch's lore, who was once a member of the Deadlock Gang?",McCree,Roadhog,Soldier 76,Junkrat
medium,multiple,Who's the Captain of the S.T.A.R.S. Bravo Team in Resident Evil 1?,Enrico Marini,Albert Wesker,Richard Aiken,Rebecca Chambers
medium,boolean,Super Mario Bros. was released in 1990.,False,True,,
medium,multiple,"What is the name of Joel's daughter in the game, ""The Last of Us""? ",Sarah,Ellie,Tess,Marlene
easy,multiple,"Which ""Call Of Duty: Zombies"" map introduced the ""Staffs Of The Ancients""?",Origins,Shangri-La,Revelations,Nuketown
hard,multiple,When was Pokemon GO released in North America?,"July 6th, 2016","June 5th, 2016","May 24th, 2016","January 2nd, 2017"
hard,multiple,"In the ""Pikmin"" games, which of the following pikmin colors lacks it's own ""Onion"" nest?",Purple,Winged,Blue,Rock
easy,boolean,"In the Monster Hunter Series, G-Rank is the highest possible prestige a Hunter can recieve.",True,False,,
easy,multiple,The “fairy” type made it’s debut in which generation of the Pokemon core series games?,6th,2nd,7th,4th
medium,estimate,"In what year was ""Super Mario Sunshine"" released?",2002,2003,2000,2004
hard,multiple,What was the world's first handheld game device?,Mattel Auto Race,Game Boy,Microvision,Game & Watch
medium,multiple,"In Yakuza 0, what is the order of the fighting styles acquired as Kazuma Kiryu?","Brawler, Rush, Beast, Legend","Legend, Rush, Brawler, Beast","Brawler, Beast, Rush, Legend","Beast, Brawler, Rush, Legend"
easy,multiple,"In the ""Metal Gear Solid"" series, what's the name of Solid Snake's brother?",Liquid Snake,Kulus Snake,Billy Snake,Gilur Snake
easy,multiple,Which member of the Velvet Room is not a playable character in Persona 4 Arena Ultimax?,Theodore,Elizabeth,Margaret,Marie
medium,multiple,What was the name of the protagonist of Metal Gear Solid V: The Phantom Pain?,"Punished ""Venom"" Snake",Miller,Solid Snake,Ocelot
hard,multiple,"In Terraria, which debuff does the ankh charm not provide immunity to?",Venom,Cursed,Bleeding,Slow
easy,boolean,Ryuji Sakamoto is a character from Final Fantasy.,False,True,,
medium,multiple,"How many unique items does ""Borderlands 2"" claim to have?",87 Bazillion ,87 Million,87 Trillion,87 Gazillion 
medium,multiple,What was the FIRST Valve game to have VR?,The Lab,Dota 2,Destinations,Half-Life 2
easy,multiple,Which Kirby game first introduced Copy Abilities?,Kirby's Adventure,Kirby Super Star,Kirby's Dream Land 2,Kirby's Dream Land
medium,multiple,"In the Pokémon series, which type is Sudowoodo, the Imitation Pokémon?",Rock,Grass,Bug,Ground
medium,multiple,"In the beginning of the game ""Sonic Adventure"", what color Chaos Emerald does Tails own?",Purple,Red,Green,Blue
easy,boolean,"In the game ""Subnautica"", a ""Spadefish"" will attack you.",False,True,,
medium,multiple,"The protagonist in the game ""Cave Story"" is named",Quote,Kazuma,Curly,Arthur
medium,multiple,"The video game publishers known as ""tinyBuild"" published which of these games?",Clustertruck,Don't Starve,Stardew Valley,Slime Rancher
medium,multiple,"In the game ""Undertale"", who was Mettaton's creator?",Alphys,Undyne,Sans,Asgore
medium,multiple,Which company did Bethesda purchase the Fallout Series from?,Interplay Entertainment ,Capcom,Blizzard Entertainment,Nintendo
hard,boolean,"In the game Nuclear Throne, the boss ""Big Dog"" was made into a character on April Fool's Day 2015.",True,False,,
medium,multiple,Which video game company developed the 2019 game Rage 2?,Avalanche Studios,Bethesda Game Studios,Infinity Ward,Gearbox Software
medium,multiple,"In World of Warcraft Lore, four Old Gods created a giant and powerful creature. What was it called? ",The Ancient One,Anomalous,Eater of Souls,The Lich King
medium,multiple,"When Halo 3: ODST was unveiled in 2008, it had a different title. What was the game formally called?",Halo 3: Recon,Halo 3: Helljumpers,Halo 3: Phantom,Halo 3: Guerilla
hard,multiple,The Bracken from Lethal Company is also known as:,The Flower Man,The Phantom,The Shadow Demon,Larry
medium,estimate,"In Call of Duty: Modern Warfare 2, how many consecutive kills does it require to earn the ""Tactical Nuke"" killstreak?",25,20,30,35
easy,multiple,"In the second-generation Pokémon games, which Pokémon can you start with?","Chikorita, Cyndaquil, and Totodile","Bulbasaur, Charmander, and Squirtle","Treecko,Torchic, and Mudkip","Grassy, Firey, and Watery"
easy,boolean,"The Indie Game Development Studio Cing, developers of Hotel Dusk and Last Window, went bankrupt on March 1st, 2010.",True,False,,
easy,multiple,"In ""Fallout 4"" which faction is not present in the game?",The Enclave,The Minutemen,The Brotherhood of Steel,The Institute
medium,estimate,"When was ""System Shock"" released?",1994,1995,2000,1998
hard,multiple,"In the game Warframe, what is the type of fish that is known to eat unwary natives of Cetus?",Sharrac,Glappid,Karkina,Mawfish
easy,multiple,"In the game Nuclear Throne, which character starts with the least HP?",Melting,Crystal,Rebel,Yung Venuz (Y.V.)
easy,multiple,Who is the leader of Team Mystic in Pokémon Go?,Blanche,Candela,Spark,Willow
medium,multiple,Which game is NOT part of the Science Adventure series by 5pb. and Nitroplus?,Occultic; Nine,Steins; Gate,Robotics; Notes,Chaos; Child
hard,multiple,"In ""Super Mario Sunshine"", how do you unlock the ""Corona Mountain"" level?",By clearing every 7th episode,By obtaining 70 Shines,"By clearing every episode involving a ""Secret""",By unlocking every nozzle F.L.U.D.D can use
medium,multiple,"When was the video game publisher ""Ubisoft"" founded ?",March 1986,April 1990,June 2001,August 1956
easy,boolean,"""Half-Life 2"" runs on the Source Engine.",True,False,,
medium,multiple,"In the Mario series, which game introduced Mario's Backflip ability?",Donkey Kong (Gameboy),Super Mario 64,Super Mario 3D Land,Super Mario Galaxy
easy,boolean,"There are 6 legendary cards in ""Clash Royale"".",False,True,,
hard,multiple,"What video game company developed the 2004 racing game ""Burnout 3: Takedown""?",Criterion Games,EA Black Box,Codemasters,Rockstar Games
hard,multiple,"In ""Starbound"", what is the max HP of the monster ""Punchy""?","50,000 HP","9,000,000 HP",100 HP,"150,000 HP"
medium,multiple,"In Call of Duty: United Offensive, what two soldiers share a name of a video game character?",Gordon & Freeman,Sam & Fisher,Nathan & Drake,Dig & Dug
easy,boolean,Minecraft can be played with a virtual reality headset.,True,False,,
medium,multiple,"Of the following space shooter games, which came out first?",Space Invaders,Galaxian,Galaga,Sinistar
medium,multiple,"The cake depicted in Valve's ""Portal"" franchise most closely resembles which real-world type of cake?",Black Forest,Devil's Food,Molten Chocolate,German Chocolate
easy,multiple,What does IWHBYD stand for on the skull in the Halo series?,I Would Have Been Your Daddy,I Wanna Have Babies You Down,I Would Hate Being Your Driver,I Would Have Bought Your Dog
hard,multiple,What do the video games No Man’s Sky and Mighty No. 9 have in common?,Both were announced in 2013.,Both were crowdfunded.,Both were developed by indie studios.,Both were released for the PlayStation 3.
medium,boolean,"In ""Resident Evil"", only Chris has access to the grenade launcher.",False,True,,
easy,boolean,"Big the Cat is a playable character in ""Sonic Generations"".",False,True,,
easy,multiple,Which of these covert groups employs Sam Fisher to work as a Splinter Cell?,Third Echelon,Voron,Black Arrow,The Engineers
medium,multiple,Which video game earned music composer Mike Morasky the most awards for his work?,Portal 2,Left 4 Dead 2,Team Fortress 2,Counter-Strike: Global Offensive
easy,multiple,Which Final Fantasy game consisted of a female-only cast of party members?,Final Fantasy X-2,Final Fantasy IX,Final Fantasy V,Final Fantasy XIII-2
medium,multiple,Which of these game franchises were made by Namco?,Tekken,Street Fighter,Mortal Kombat,Dragon Quest
medium,multiple,"In the game Destiny, who succeeded Peter Dinklage in voicing the protagonist's ""Ghost""?",Nolan North,John DiMaggio,Mark Hamill, Troy Baker
easy,estimate,In which year was League of Legends released?,2009,2010,2003,2001
easy,boolean,"The Konami Code is known as Up, Up, Down, Down, Left, Right, Right, Left, B, A, Start.",False,True,,
easy,multiple,"What was the first game in the ""Battlefield"" series?",Battlefield 1942,Battlefield Vietnam,Battlefield 2,Battlefield 1
medium,multiple,"When was ""Garry's Mod"" released?","December 24, 2004","November 13, 2004","December 13, 2004","November 12, 2004"
easy,multiple,"In vanilla Minecraft, which of the following cannot be made into a block?",Charcoal,Coal,Wheat,String
hard,multiple,Which of these online games was originally named LindenWorld in it's early development?,SecondLife,ActiveWorlds,IMVU,HabboHotel
easy,boolean,"Valve's ""Portal"" and ""Half-Life"" franchises exist within the same in-game universe.",True,False,,
easy,estimate,"In Rust, how many Timed Explosive Charges does it take to destroy a Ladder Hatch?",1,3,2,5
easy,multiple,"What is the name of the game developer who created ""Call Of Duty: Zombies""?",Treyarch,Sledgehammer Games,Infinity Ward,Naughty Dog
easy,multiple,"In Pokemon Red & Blue, what is the name of HM05?",Flash,Strength,Cut,Fly
medium,multiple,Just Cause 2 was mainly set in what fictional Southeast Asian island country?,Panau,Davao,Macau,Palau
medium,multiple,"In Telltale Games' ""The Walking Dead: Season One"" what is the name of Clementine's father?",Ed,Charles,Lee,Walter
easy,boolean,"In ""Sonic Adventure"", you are able to transform into Super Sonic at will after completing the main story.",False,True,,
medium,multiple,"In The Elder Scrolls V: Skyrim, who is the jester in the dark brotherhood?",Cicero,Lucien Lachance,Archimedes,Astrid
medium,multiple,"Which of the following Copy Abilities was only featured in ""Kirby & The Amazing Mirror""?",Mini,Magic,Smash,Missile
hard,multiple,What was the nickname of the original model for Half-Life's protagonist Gordon Freeman?,Ivan the Space Biker,Gordon the Space Biker,Ivan the Alien Biker,Gordon the Alien Biker
easy,multiple,What is the code name of Morgana the cat in Persona 5?,Mona,Panther,Nightstalker,Zorro
easy,boolean,"The main playable character of the 2015 RPG ""Undertale"" is a monster.",False,True,,
medium,multiple,"In Minecraft, which of these ingredients is needed to brew a Potion of Water Breathing?",Pufferfish,Ink sac,Pumpkin,Fishing rod
hard,multiple,Why was the character Trevor Philips discharged from the Air Force?,Mental Health Issues,Injuries,Disease,Danger to Others
medium,multiple,"In Hitman: Blood Money, what is the name of the target in the mission ""Death of a Showman""?",Joseph Clarence,The Swing King,Maynard John,Manuel Delgado
easy,multiple,Which Elite Four member from the first generation of Pokémon became the champion in the next generation?,Lance,Agatha,Bruno,Lorelei
easy,boolean,"The ultimate phrase used by Pharah from Overwatch is: ""Justice rains from above!""",True,False,,
medium,multiple,Which of the following created and directed the Katamari Damacy series?,Keita Takahashi,Hideki Kamiya,Shu Takumi,Shinji Mikami
easy,multiple,"In most FPS video games such as Counter-Strike, shooting which part of the body does the highest damage?",Head,Arm,Leg,Chest
medium,multiple,Which one of these games came out first?,Terraria,Minecraft,Starbound,Factorio
easy,multiple,"In PROTOTYPE 2. who is referred to as ""Tango Primary""?",James Heller,Alex Mercer,Dana Mercer,Any Goliaths roaming around
easy,multiple,"What game mode was not in the original ""Wii Sports""?",Table Tennis,Boxing,Baseball,Bowling
easy,boolean,"In Resident Evil 4, the Chicago Typewriter has infinite ammo.",True,False,,
hard,multiple,"In the game Enter the Gungeon, which one of these is not a playable character?",The Wizard,The Bullet,The Robot,The Cultist
easy,multiple,Rocket League is a game which features..,Cars,Helicopters,Planes,Submarines
hard,multiple,"In the SHMUP series, ""Gradius"", what is the name of the antagonist faction you fight against?",Bacterion,Bydo,Belsar,ORN Empire
medium,boolean,"The Sniper's SMG in Team Fortress 2, was originally intended to be the Scout's primary weapon.",True,False,,
easy,multiple,Who made Garry's Mod?,Garry Newman,Randy Newman,Facepunch Studios,Gabe Newell
medium,multiple,"Which musical artist was NOT featured as playable avatars in the game ""DJ Hero""?",Dr. Dre,DJ Shadow,Daft Punk,Grandmaster Flash
easy,multiple,"In Final Fantasy XIV, what is the name of the Deep Dungeon that was introduced in the expansion pack, Heavensward?",Palace of the Dead,Heaven on High,Aetherochemical Research Facility,Sunken Temple of Qarn
medium,multiple,Which of the following is a character in the video game Destiny?,Cayde-6,Ostrava of Boletaria,Mordecai the Hunter,Leon S. Kennedy
easy,boolean,Niko Bellic is the protagonist of Grand Theft Auto IV.,True,False,,
medium,multiple,"In the game Pokémon Conquest, which warlord is able to bond with Zekrom and a shiny Rayquazza?",Nobunaga,The Player,Oichi,Hideyoshi
hard,multiple,"In Hollow Knight, how many Precepts does Zote have?",Fifty-Seven,Sixty-Nine,Fourty-Three,Ninety-One
hard,estimate,"In Halo 2, how many rounds does the M6C hold in a single magazine?",12,6,36,18
easy,multiple,Which of the following is NOT one of the main characters in Grand Theft Auto V’s story mode?,Tommy Vercetti,Michael de Santa,Franklin Clinton,Trevor Phillips
easy,boolean,"In 2019, Minecraft outsold Tetris to become the world's best-selling video game.",True,False,,
hard,multiple,"In the indie farming game ""Stardew Valley"", which NPC hates the ""prismatic shard"" item when received as a gift?",Haley,Abigail ,Elliott,Lewis
hard,multiple,"In the Kingdom Hearts series, which is not an optional boss you can fight?",Master Yen Sid,Sephiroth,Julius,Kurt Zisa
hard,estimate,When was Steam first released?,2003,2004,2011,2007
medium,multiple,Which company developed and published Game Dev Tycoon?,Greenheart Games,Greenland Games,The Tycoonists,MomCorp
medium,multiple,"In Left 4 Dead, what is the name of the virus, as designated by CEDA, that causes most humans to turn into the Infected?",Green Flu,Yellow Fever,T-Virus,Raspberry Sniffles
medium,multiple,"In Fallout 4, which type of power armor is first encountered in the early mission ""When Freedom Calls"" in a crashed Vertibird?",T-45,T-51,T-60,X-01
medium,multiple,"Which of these is not a character in the game, ""Lethal League""?",Rex,Switch,Candyman,Sonata
easy,multiple,"What is the name of ""Team Fortress 2"" update, in which it became Free-to-play?",Über Update,Pyromania Update,Mann-Conomy Update,Engineer Update
easy,multiple,"In the Nintendo DS game 'Ghost Trick: Phantom Detective', what is the name of the hitman seen at the start of the game?",Nearsighted Jeego,One Step Ahead Tengo,Missile,Cabanela
medium,boolean,"In ""Deus Ex: Mankind Divided"", Adam Jensen can die from overclocking.",False,True,,
easy,multiple,"In CoD: Black Ops III, what is the name of the rogue A.I. antagonist?",Corvus,Cabal,Legion,Icarus
easy,estimate,"What year did the game ""Overwatch"" enter closed beta?",2015,2013,2011,2016
medium,boolean,"In the Resident Evil series, Leon S. Kennedy is a member of STARS.",False,True,,
medium,multiple,"In the game ""Terraria"", which of these bosses are pre-hardmode bosses?",Eye of Cthulhu,Plantera,Skeletron Prime,The Destroyer
hard,boolean,"TF2: Sentry rocket damage falloff is calculated based on the distance between the sentry and the enemy, not the engineer and the enemy",False,True,,
medium,multiple,One of the Nintendo Entertainment System voice channels supports playback of sound samples. Which one?,DMC,Noise,Triangle,Square
easy,multiple,"In the PAYDAY series, who betrayed the PAYDAY gang that got Hoxton arrested?",Hector,Vlad,The Dentist,The Elephant
medium,multiple,What block in Minecraft has the highest blast resistance?,Barrier,Obsidian,Bedrock,Block of Diamond
medium,multiple,Which game was the first time Mario was voiced by Charles Martinet?,Mario's Game Gallery,Super Mario 64,Mario Tennis,Dr. Mario 64
medium,multiple,"Which ""Perk-A-Cola"" in ""Call Of Duty: Zombies"" was ""reworked"" in ""Call of Duty: Black Ops II""?",Double Tap Root Beer,Who's Who,Juggernog,Mule Kick
easy,estimate,"In World of Warcraft's Mists of Pandaria expansion, What was the level cap?",90,85,80,75
hard,multiple,"In ""Call Of Duty: Zombies"", which weapon does NOT deal any damage?",31-79 JGb215,Sliquifier,V-R11,Wunderwaffe DG-2
medium,multiple,"Which company made the Japanese RPG ""Dragon Quest""?",Square Enix,Capcom,Konami,Blizzard
medium,multiple,"In the first Left 4 Dead, you can play as either of these four characters.","Francis, Bill, Zoey, and Louis","Bender, Andrew, Allison, and Brian","Coach, Ellis, Nick, and Rochelle","Harry, Ron, Hermione and Dumbledore"
medium,multiple,Which of these characters is NOT a boss in Crash Bash?,Ripper Roo,Papu Papu,Komodo brothers,Nitros Oxide
hard,multiple,"How long are all the cutscenes from Metal Gear Solid 4 (PS3, 2008) combined?",8 hours,4 hours,12 hours,5 hours
hard,multiple,"What device allows Tracer to manipulate her own time in the game ""Overwatch""?",Chronal Accelerator,B.L.I.N.K,Spacial Displacement Manipulator,TMD (Time Manipulation Device)
hard,multiple,"In the book & video game Metro 2033, which Moscow Metro station is the main character Artyom's home station?",VDNKh,Prospekt Mira,Kitay-Gorod,Botanichesky Sad
medium,multiple,Which Touhou character is a Hell Raven?,Utsuho Reiuji,Flandre Scarlet,Marisa Kirisame,Aya Shameimaru
easy,multiple,Which of these Starbound races has a Wild West culture?,Novakid,Avian,Human,Hylotl
hard,estimate,"How many aces can be shot down through the entirety of ""Ace Combat Zero: The Belkan War""?",169,100,132,245
medium,multiple,"What was the first weapon pack for ""PAYDAY 2""?",The Gage Weapon Pack #1,The Overkill Pack,The Gage Chivalry Pack,The Gage Historical Pack
easy,multiple,"Which character in the ""Animal Crossing"" series uses the phrase ""zip zoom"" when talking to the player?",Scoot,Drake,Bill,Mallary
easy,multiple,"In Undertale, MEGALOVANIA is a theme for which character?",Sans,Flowey,Papyrus,Undyne
easy,boolean,"In the video game ""Splatoon"", the playable characters were originally going to be rabbits instead of squids.",True,False,,
medium,multiple,Which Game Development company made No Man's Sky?,Hello Games,Dovetail Games,Valve,Blizzard Entertainment
medium,multiple,The default playermodel of Garry's Mod is this Half Life 2 character.,Isaac Kleiner,G-Man,Alyx Vance,Gordon Freeman
hard,multiple,What is the name of the alligator in Where's My Water?,Swampy,Cranky,Crocky,Justice
easy,multiple,Which of these is NOT a Humongous Entertainment game franchise?,Commander Keen,Pajama Sam,Putt-Putt,Freddi Fish
medium,estimate,"During the events of Half-Life: Opposing Force, what is the age of Adrian Shephard, the protagonist?",22,23,21,24
medium,multiple,"What is the name of the prison in ""Half Life 2""?",Nova Prospekt,Great Prospekt,New Prospect,Lesser Prospekt
easy,boolean,"In Heroes of the Storm, the Cursed Hollow map gimmick requires players to kill the undead to curse the enemy team.",False,True,,
medium,multiple,"In what Half-Life expansion can you find Gordon's picture in an ""Employee of the Month"" picture frame?",Half-Life: Opposing Force,Half-Life: Blue Shift,Half-Life: Decay,They Hunger
hard,multiple,Which souls game was not directed by Hidetaka Miyazaki?,Dark Souls 2,Demon Souls,Dark Souls,Dark Souls 3
easy,multiple,"In the video game ""Team Fortress 2"", which class is able to double jump?",Scout,Spy,Engineer,Pyro
medium,multiple,"Which of these weapons is NOT available to the Terrorist team in the game, ""Counter-Strike: Global Offensive""?",SCAR-20,SG 550,CZ-75,XM1014
easy,boolean,Doki Doki Literature Club was developed in Japan.,False,True,,
easy,multiple,"What's the name of the main protagonist in the ""Legend of Zelda"" franchise?",Link,Mario,Zelda,Pit
medium,multiple,"In Need for Speed: Underground, what car does Eddie drive?",Nissan Skyline GT-R (R34),Mazda RX-7 FD3S,Acura Integra Type R,Subaru Impreza 2.5 RS
easy,multiple,"Which franchise does the creature ""Slowpoke"" originate from?",Pokemon,Dragon Ball,Sonic The Hedgehog,Yugioh
easy,boolean,"In Pokémon, Arbok evolves into Seviper.",False,True,,
medium,multiple,"Who is the main character in the video game ""Just Cause 3""?",Rico Rodriguez,Tom Sheldon,Marcus Holloway,Mario Frigo
easy,multiple,"In the game Nuclear Throne, what character is only usable in a play through with Melting?",Skeleton,Frog,Horror,Plant
easy,multiple,"Which of the following characters from the game ""Overwatch"" was revealed to be homosexual in December of 2016?",Tracer,Widowmaker,Sombra,Symmetra
medium,multiple,Killing Floor started as a mod for which Unreal Engine 2 game?,Unreal Tournament 2004,Deus Ex: Invisible War,Unreal Tournament 3,Postal
medium,estimate,In what year were screenshots added to Steam?,2011,2010,2008,2009
medium,boolean,"The first Maxis game to feature the fictional language ""Simlish"" was The Sims (2000).",False,True,,
medium,multiple,"In the 1980s, a service called Gameline allowed users to download games to what console?",Atari 2600,Sega Genesis,Nintendo Entertainment System,ColecoVision
easy,boolean,"The ghosts in ""Pac-Man"" and ""Ms. Pac-Man"" have completely different behavior.",True,False,,
hard,multiple,"In the Mario Kart series, which game introduced the ""Shield Drifting"" mechanic?",Mario Kart Arcade GP DX,Mario Kart: Double Dash,Mario Kart Super Circuit,Mario Kart DS
medium,boolean,Minecraft wasn’t the original name to Minecraft.,True,False,,
easy,boolean,"""Undertale"" is an RPG created by Toby Fox and released in 2015.",True,False,,
medium,multiple,Who is credited with having created the world's first video game Easter Egg?,Warren Robinett,Julius Smith,Will Crowther,Don Woods
easy,multiple,Which of these is NOT a team available in the game Pokémon Go?,Team Rocket,Team Instinct,Team Valor,Team Mystic
easy,multiple,"In which mall does ""Dead Rising"" take place?",Willamette Parkview Mall,Liberty Mall,Twin Pines Mall,Central Square Shopping Center
medium,multiple,What are the names of the Ice Climbers in the video game Ice Climber?,Popo and Nana,Popo and Nina,Papi and Nana,Papi and Nina
hard,multiple,"In the Half-Life mod ""Afraid of Monsters"" what was the name of the main protagonist?",David Leatherhoff,Daniel Featherhoff,Damon Weatherhoff,Damien Teatherhoff
medium,multiple,"When was the video game ""P.A.M.E.L.A."" released on Steam?","March 9, 2017","January 7, 2007","October 23, 1997","February 16, 2015"
easy,multiple,"The football video game series ""Pro Evolution Soccer"" is developed by which company?",Konami,Square Enix,Electronic Arts,THQ
hard,multiple,"In Diablo lore, this lesser evil spawned from one of the seven heads of Tathamet, and was known as the Maiden of Anguish.",Andariel,Valla,Malthael,Kashya
medium,multiple,What are tiny Thwomps called in Super Mario World?,Thwimps,Little Thwomp,Mini Thwomp,Tiny Tims
medium,multiple,"During the game's development, what was the first ever created Pokémon?",Rhyhorn,Bulbasaur,Mew,Arceus
medium,multiple,Which of the following Call of Duty games was a PS3 launch title?,Call of Duty 3,Call of Duty 4: Modern Warfare,Call of Duty: World at War,Call of Duty: Roads to Victory
hard,multiple,"In 2004, which person(s) created ""Roblox""?",David Baszucki and Erik Cassel,Erik Cassel,Jonas Alto and Sarah Smith,James Kolein
medium,estimate,How many permanent companions are there in the base game version of Fallout: New Vegas?,8,7,9,6
hard,estimate,"In the game ""The Sims"", how many Simoleons does each family start with?","20,000","10,000","15,000","25,000"
medium,multiple,"In the video game series ""Disgaea"", what word does the character Prinny have to include in all sentences they speak?","""Dood""","""Master""","""Plip""","""Boom"""
easy,boolean,Donkey Kong was originally set to be a Popeye arcade game.,True,False,,
medium,multiple,Which genre is the Touhou Project associated with?,Shoot 'em up (bullet-hell) & Fighting,Turn-Based Strategy,MMORPG,Building 
medium,multiple,"In Monster Hunter Generations, which of the following monsters are a part of the ""Fated Four""?",Astalos,Gore Magala,Malfestio,Arzuros
medium,multiple,"What is the perk that was introduced in the ""Call Of Duty: Zombies"" map, ""Mob Of The Dead""?",Electric Cherry,Quick Revive,Vulture Aid,Tombstone
easy,multiple,"What was the first video game in the Batman ""Arkham"" series?",Arkham Asylum,Arkham Knight,Arkham City,Arkham Origins
easy,multiple,Gordon Freeman is said to have burnt and destroyed what food in the break room microwave?,Casserole,Sub Sandwich,Chicken Soup,Pepperoni Pizza
hard,multiple,"In World of Warcraft lore, who organized the creation of the Paladins?",Alonsus Faol,Uther the Lightbringer,Alexandros Mograine,"Sargeras, The Daemon Lord"
hard,multiple,"In the Gamecube Version of ""Resident Evil"" what text document is open on the monitor of the computer in the Visual Data Room?",A GDC Document,Text Document on Herbs,Nothing,Document on B.O.Ws
hard,multiple,What is the name of your team in Star Wars: Republic Commando?,Delta Squad,The Commandos,Bravo Six,Vader's Fist
easy,boolean,Nintendo's Luigi was originally just called Green Mario?,False,True,,
easy,estimate,What was the Maximum Level in World of Warcraft: Battle for Azeroth?,120,100,90,150
easy,boolean,"In RuneScape, one must complete the ""Dragon Slayer"" quest before equipping Rune Platelegs.",False,True,,
medium,multiple,Mirror's Edge Catalyst takes place in the City of...?,Glass,Mirrors,Purity,Diamonds
medium,multiple,"In Skylanders Giants, why was Zaps' Wow Pow named ""For Riley"" ?",As a tribute to a fan who passed away,As a reference to a film,After one of the writers of the game,After a voice actor
medium,estimate,"By how many minutes are you late to work in ""Half-Life""?",30,5,60,15
medium,boolean,"In the video game ""Blue Reflection"", the main protagonist, Hinako Shirai, was a ballet dancer.",True,False,,
hard,multiple,"GoldenEye 007 on the Nintendo 64 was planned to allow you to play as all previous Bond actors, with the exception of who?",George Lazenby,Roger Moore,Sean Connery,Timothy Dalton
medium,multiple,Which one of these was not a member of the Fiendish Five in the game Sly Cooper and the Thievius Raccoonus?,Dimitri Lousteau,Mz. Ruby,Muggshot,Clockwerk
hard,multiple,"Meryl Silverburgh, a video game character from the Metal Gear series, was originally a character in which game?",Policenauts,Gradius,Contra,Castlevania: Symphony of the Night
easy,multiple,The Touhou Project series of games is often associated with which genre?,Shoot 'em up,Strategy,FPS,Casual
easy,multiple,"Who is the main character in ""The Stanley Parable""?",Stanley,The Adventure Line,The Narrator,The Boss
easy,multiple,"Which of the following weapons in ""Counter-Strike: Global Offensive"" does not have a right-click function?",XM1014,SG553,R8 Revolver,USP-S
hard,multiple,"In ""Need for Speed III: Hot Pursuit"", what is the name of the fictional car?",El Niño,Rápido,Ágil,La Niña
medium,multiple,What is the AK-47's name in Counter Strike: Source?,CV-47,AK-74,AK,CZ-75
easy,multiple,"In Divinity: Original Sin II, what is the name of the skeletal origin character?",Fane,Lohse,The Red Prince,There are no skeletal origin characters
easy,boolean,Tony Hawk's extreme sports videogames revolve around performing professional BMX tricks.,False,True,,
medium,boolean,The character that would eventually become Dr. Eggman was considered for the role of Sega's new flagship mascot before Sonic was.,True,False,,
medium,multiple,"What is the name of the first boss the player encounters in the 2017 game, ""Little Nightmares""?",The Janitor,The Warden,The Caretaker,The Overseer
easy,multiple,"In the first game of the Sly Cooper franchise, what family heirloom did Sly Cooper want to steal back?",Thievius Raccoonus,Raccoon Training 101,The Art of Sneak,Raccoonus Teachus
easy,boolean,Solid Snake is actually a clone from the DNA of Big Boss in the Metal Gear Solid series' history.,True,False,,
medium,multiple,"In vanilla Minecraft, you can make armor out of all BUT which of the following?",Emeralds,Diamonds,Iron,Leather
medium,multiple,"In the game Silent Hill 2, who was James Sunderland's late wife?",Mary,Maria,Angela,Laura
easy,boolean,Tetris is the #1 best-selling video game of all-time.,False,True,,
medium,estimate,"In ""The Legend of Zelda: Ocarina of Time,"" what is the maximum amount of rupees that Link can carry?",500,999,1000,5000
medium,multiple,"In World of Warcraft lore, who was first to have the title ""The Ashbringer""?",Alexandros Mograine,Tirion Fordring,Arthas Menethil,Uther the Lightbringer
medium,estimate,"In ""Overwatch"", how much health does Roadhog's ""Take a Breather"" ability recover?",300,100,200,400
easy,multiple,Which of these is NOT a player class in Team Fortress 2?,Healer,Demoman,Pyro,Spy
medium,estimate,"In World of Warcraft lore,  how many siblings does Sylvanas Windrunner have?",3,2,4,1
medium,multiple,"What name does the little headcrab in ""Half Life 2"" have?",Lamarr,Jumperr,Drett,Jerry
hard,multiple,Which one of these is NOT an official map in Counter-Strike: Global Offensive?,de_season,de_sugarcane,de_canals,de_militia
medium,multiple,"Along with Gabe Newell, who co-founded Valve?",Mike Harrington,Robin Walker,Marc Laidlaw,Stephen Bahl
medium,multiple,"Who developed the 2016 farming RPG ""Stardew Valley""?",Eric Barone,Daisuke Amaya,Jasper Byrne,Lucas Pope
medium,multiple,What is the canonical name of the Persona 4 protagonist?,Yu Narukami,Minato Arisato,Soji Seta,Nagito Komaeda
hard,multiple,"""Exile"" and ""Revelations"" were the third and fourth installments of which PC game series?",Myst,Shivers,Doom,Tropico
hard,multiple,"In ""Final Fantasy VI"", what is the name of (summoned) Gilgamesh's weakest attack?",Excalipoor,Excalibore,Excalisnore,Excalisore
medium,multiple,"What is the name of the protagonist's first Persona in ""Persona 5""?",Arsene,Mara,Izanagi,Sandaphlon
hard,multiple,"In the Lego Island trilogy, who taught Pepper Roni how to read?",Officer Laura Brick,Papa Brickolini,Officer Nick Brick,Mama Brickolini
medium,multiple,"In Star Wars: Republic Commando (2005), what is the name of the squad that you play as?",Delta Squad,Omega Squad,Echo Squad,Alpha Squad
hard,boolean,The retail disc of Tony Hawk's Pro Skater 5 only comes with the tutorial.,True,False,,
hard,multiple,What is the name of the main island in PLAYERUNKNOWN'S BATTLEGROUNDS?,Erangel,Marmara,Severny,Lastovo
medium,multiple,Who published the 1998 video game Half-Life?,Sierra On-Line,Valve,Blizzard,EA
medium,multiple,"In ""Call Of Duty: Zombies"", which map introduced the perk ""PhD Flopper""?",Ascension,Moon,Call Of The Dead,Die Rise
medium,multiple,"In Left 4 Dead, which campaign has the protagonists going through a subway in order to reach a hospital for evacuation?",No Mercy,Subway Sprint,Hospital Havoc,Blood Harvest
easy,multiple,What is the most expensive weapon in Counter-Strike: Global Offensive?,Scar-20/G3SG1,M4A1,AWP,R8 Revolver
hard,estimate,"In the video game Undertale, what Fun Value is required to obtain the Fake Hallway?",66,91,45,39
easy,multiple,What's the Team Fortress 2 Scout's city of origin?,Boston,Sydney,Detroit,New York
medium,boolean,"The scrapped Sonic the Hedgehog 2 level ""Hidden Palace Zone"" was later reused in the iOS port of the game. ",True,False,,
easy,multiple,What company develops the Rock Band series of rhythm games?,Harmonix,Activision,Konami,Electronic Arts
easy,multiple,The most graphically violent game to precede the creation of the ESRB (Entertainment Software Rating Board) was...,Mortal Kombat,Duke Nukem,Resident Evil,Doom
easy,multiple,"In Slay the Spire, which of the following is NOT a playable character?",Stoneheart,Silent,Defect,Ironclad
easy,estimate,"How many Chaos Emeralds are there in the ""Sonic the Hedgehog"" universe?",7,6,8,14
easy,estimate,When was the game 'Portal 2' released?,2011,2014,2009,2007
medium,multiple,Which franchise had a special event hosted in the popular MMORPG Final Fantasy XIV: A Realm Reborn?,Yo-kai Watch,Pokémon,Yu-gi-oh,Buddyfight
easy,estimate,"TF2: What code does Soldier put into the door keypad in ""Meet the Spy""?",1111,1432,1337,No code
easy,multiple,What is the protagonist's title given by the demons in DOOM (2016)?,Doom Slayer,Doom Guy,Doom Marine,Doom Reaper
easy,multiple,"In Grand Theft Auto V, what was Michael De Santa's former surname?",Townley,De Santos,Watson,Simpson
medium,boolean,"""Return to Castle Wolfenstein"" was the only game of the Wolfenstein series where you don't play as William ""B.J."" Blazkowicz.",False,True,,
hard,multiple,Which game was exclusive to Dreamcast?,Pen Pen TriIcelon,Sylvester & Tweety in Cagey Capers,Perfect Dark,Tetrisphere
easy,multiple,What is the title of song on the main menu in Halo?,Halo,Opening Suite,Shadows,Suite Autumn
medium,multiple,"In the Jackbox party game Monster Seeking Monster, which monster can steal two hearts from other monsters under certain conditions?",Serial Killer,Parasite,Stalker,Magic Mirror
medium,multiple,"Which one of these ""Mortal Kombat"" characters has been playable in every single mainline game?",Sub-Zero,Raiden,Scorpion,Liu Kang
easy,multiple,Which of the following Zelda games did not feature Ganon as a final boss?,Majora's Mask,Ocarina of Time,Skyward Sword,Breath of the Wild
medium,multiple,This weapon in Counter-Strike: Global Offensive does not exist in real life.,M4A4,AWP,M4A1,MP9
medium,multiple,In which game did the Konami Code make its first appearance?,Gradius,Contra,Castlevania,Dance Dance Revolution
easy,multiple,Which student in Yandere Simulator is known for asking irritating and stupid questions?,Midori Gurin,Kokona Hruka,Oka Ruto,Pipi Osu
medium,estimate,"The mobile game ""Jetpack Joyride"" was released in what year? ",2011,2012,2009,2014
easy,boolean,"Faust is a playable character in ""Guilty Gear Xrd Revelator"".",True,False,,
easy,multiple,"In ""Overwatch"", which hero is able to wallride?",Lucio,Reinhardt,Sombra,Mercy
hard,estimate,"In ""The Witness"", how many lasers must be activated to get into the mountain area?",7,8,5,12
hard,boolean,McCree from Overwatch originally started as a character that was going to appear in a scrapped Starcraft game.,True,False,,
medium,multiple,What was the original release date of Grand Theft Auto V?,"September 17, 2013","August 17, 2013","April 14, 2015","November 18, 2014"
medium,multiple,What is the name the location-based augmented reality game developed by Niantic before Pokémon GO?,Ingress,Aggress,Regress,Digress
hard,multiple,"Given that all party members are maxed, who is the fastest party member in Super Mario RPG: Legend of The Seven Stars?",Geno,Mario,Bowser,Peach
hard,multiple,"In Left 4 Dead, what is the character Bill's last name?",Overbeck,Fish,Roberts,Stevenson
hard,multiple,"In Xenoblade Chronicles X, which class has a sniper rifle as it's primary weapon?",Partisan Eagle,Blast Fencer,Winged Viper,Bastion Warrior
medium,multiple,"Which of these is not a playable character in ""Enter The Gungeon?""",The Heavy,The Bullet,The Robot,The Cultist
medium,estimate,How many classes are there in Team Fortress 2?,9,10,8,7
easy,estimate,How many obsidian blocks are required to build a nether portal in Minecraft?,10,14,13,16
medium,multiple,"In the game ""Brawlhalla"", what species is the character Bödvar is?",Half Human / Half Bear,A Human,Half Wolf / Half Bear,Half Tiger /  Half Human
medium,multiple,"What was the game ""Galaga"" was a sequel to?",Galaxian,Galactica,Space Invaders,Galactic Wars
hard,multiple,"In which game did the character ""Mario"" make his first appearance?",Donkey Kong,Super Mario Bros.,Super Mario Land,Mario Bros.
easy,multiple,Who is the main protagonist in the 'Ratchet and Clank' game series?,Ratchet,Clank,Captin Qwark,Dr Nefarious
easy,estimate,How many playable characters are there in Yakuza 5?,5,2,3,1
easy,multiple,"In the video game ""Postal 2"", what is the name of Postal Dude's dog?",Champ,Snoopy,Krotchy,Duke
medium,multiple,"Which one of these nations was added to Civilization V with the ""Gods & Kings"" expansion?",The Netherlands,The Zulu,The Ottomans,The Kongo
medium,multiple,Which of the following was not developed by Bethesda?,Fallout: New Vegas,Fallout 3,The Elder Scrolls V: Skyrim,Fallout 4
easy,boolean,The shotgun appears in every numbered Resident Evil game.,True,False,,
easy,multiple,"In the ""Worms"" series of video games, which of these weapons is affected by wind?",Bazooka,Grenade,Air Strike,Mortar
medium,estimate,What is the lowest amount of max health you can have in Team Fortress 2?,70,100,50,95
hard,multiple,Which character from the Mega Man series made a small cameo on Volt Catfish's introduction scene in CD versions of Mega Man X3?,Auto,Eddie,Tango,Rush
medium,estimate,"In the 2002 video game ""Kingdom Hearts"", how many playable worlds were there?",14,13,16,11
medium,multiple,"In ""World of Warcraft,"" what dragon appears in the human guise of Lord Victor Nefarius?",Nefarian,Nefarius,Neltharion,Nefaran
medium,multiple,"In Team Fortress 2, which class wields a shotgun?",Everyone Listed,Heavy,Soldier,Engineer
medium,multiple,Final Fantasy VI was originally released outside Japan under what name?,Final Fantasy III,Final Fantasy VI,Final Fantasy V,Final Fantasy II
easy,multiple,"Which of these is NOT a main playable character in ""Grand Theft Auto V""?",Lamar,Trevor,Michael,Franklin
medium,multiple,"Where does ""The Legend of Zelda: Majora's Mask"" take place?",Termina,Hyrule,Gysahl,Besaid
easy,boolean,The Kerbol System (from Kerbal Space Program) includes a Saturn analogue.,False,True,,
medium,multiple,Which of the following Pokémon games released first?,Pokémon Crystal,Pokémon Platinum,Pokémon FireRed,Pokémon Black
medium,multiple,What country is Sean Matsuda from in Street Fighter?,Brazil,Japan,USA,UK
hard,estimate,"When was the first ""Half-Life"" released?",1998,2004,1999,1997
easy,multiple,"In the game Battleblock Theater, what was the name of the voice actor who voiced the narrator?",Will Stamper,Steve Blum,Richard Epcar,Yuri Lowenthal
medium,multiple,"In Divinity: Original Sin 2, who is the earliest companion you can acquire?",The Red Prince,Fane,Sebille,Beast
medium,multiple,"How many metal bars does it take to smith a platebody in the MMO ""RuneScape""?",5 bars,3 bars,2 bars,10 bars
medium,multiple,From where does the Nintendo video game character Mario derive his name?,The landlord of the American headquarters,Shigeru Miyamoto's father in law,Satoru Iwata's plumber,The date (Mar 10) that Donkey Kong was released.
medium,multiple,"Which weapon that was cut from the game ""Half Life 2"" was going to replace the crowbar?",Ice Axe,Fire Axe,Wrench,Hunting Knife
medium,multiple,Which unlockable character in Super Smash Bros. For Wii U and 3DS does not have to be fought to be unlocked?,Mii Fighters,Ness,R.O.B.,Mewtwo
easy,multiple,Which Nintendo 64 game did NOT have Luigi in it?,Super Mario 64,Mario Party 2,Paper Mario,Super Smash Bros.
medium,multiple,Who is Sora's Nobody in Kingdom Hearts?,Roxas,Riku,Kairi,Mickey
hard,multiple,When was the first Call of Duty title released?,"October 29, 2003","December 1, 2003","November 14, 2002","July 18, 2004"
medium,multiple,"In ""Call Of Duty: Zombies"", what is the name of Samantha Maxis' dog?",Fluffy,Baxter,Fido,Henry
medium,boolean,The game Garry's Mod originally took assets and codes from the popular Half Life 2 mod JBmod.,True,False,,
medium,multiple,What is the browser game Kantai Collection heavily inspired by?,Second World War,Manga,World of Warcraft,An Anime
easy,boolean,Rollercoaster Tycoon 1 and 2 were developed by Chris Sawyer.,True,False,,
medium,multiple,"In which game does a character say, ""Sometimes, I dream about cheese""?",Half Life 2,Team Fortress 2,Dark Souls,Serious Sam: The Second Encounter
medium,estimate,In what year was the original Sonic the Hedgehog game released?,1991,1989,1993,1995
hard,multiple,"Prior to his appearance in Super Smash Bros. Ultimate, What was King K. Rool's last appearance in any game?",Mario Super Sluggers,Donkey Kong 64,Donkey Kong Country 3,Donkey Kong: King Of Swing
easy,multiple,"In Minecraft, which two items must be combined to craft a torch?",Stick and Coal,Stick and Fire,Wood and Coal,Wood and Fire
medium,estimate,"In the game Minecraft, how many iron ingots are required to make an iron golem?",36,40,32,46
medium,multiple,"Which of these features was added in the 1994 game ""Heretic"" that the original ""DOOM"" could not add due to limitations?",Looking up and down,Increased room sizes,Unlimited weapons,Highly-detailed textures
easy,multiple,Which character was introduced to the Super Smash Bros franchise in Super Smash Bros Melee?,Sheik,Samus,Lucas,Mega Man
easy,multiple,What is Pikachu's National PokéDex Number?,#025,#001,#031,#109
hard,multiple,What was the code name given to Sonic the Hedgehog 4 during its development?,Project Needlemouse,Project Bluespike,Project Roboegg,Project Darksphere
medium,multiple,"What is the final game of the ""Zero Escape"" series called?",Zero Escape Zero Time Dilemma ,"Nine Hours, Nine Persons, Nine Doors ",Zero Escape Virtue's Last Reward,The Nonary Game: Sigma's Last Life
hard,multiple,"In the game Call of Duty, what is the last level where you play as an American soldier?",Festung Recogne,Ste. Mere-Eglise (Day),Chateau,Brecourt
medium,multiple,"In ""The Elder Scrolls 3: Morrowind"", which of the following factions is not joinable?",The Dark Brotherhood,Fighters Guild,Mages Guild,Thieves Guild
easy,boolean,The end credits sequence in Grand Theft Auto 5 is over half an hour long.,True,False,,
hard,multiple,Which one of these characters appeared in Marvel vs Capcom: Infinite? ,Firebrand,Wolverine,Dr. Doom,Jill Valentine
hard,multiple,"What is the 4th boss in the 1997 video game ""Crash Bandicoot 2: Cortex Strikes Back""?",Dr. N. Gin,Dr. Neo Cortex,Komodo Brothers,Tiny Tiger
medium,boolean,"In the Season One Championship of ""League of Legends"", the highest achievable rank was Diamond.",False,True,,
medium,multiple,"Which of these characters does not appear in ""Nier: Automata""?",A1,A2,9S,2B
medium,multiple,In Kingdom Hearts which of the following people can NOT wield a keyblade?,Larxene,Xehanort,Lea,Mickey
medium,multiple,"Sean Bean voices the character of ""Martin Septim"" in which Elder Scrolls game?",The Elder Scrolls IV: Oblivion,The Elder Scrolls V: Skyrim,The Elder Scrolls III: Morrowind ,The Elder Scrolls Online
medium,multiple,"What is the mod ""Cry of Fear"" based off of?",Half-Life,Counter Strike: Source,Half-Life 2,"It's a stand alone game, not a mod"
medium,multiple,"What is the name of the virus in ""Metal Gear Solid 1""?",FOXDIE,FOXENGINE,FOXALIVE,FOXKILL
easy,multiple,Who is the creator of the Super Smash Bros. Series?,Masahiro Sakurai,Reggie Fils-Aimé,Bill Trinen,Hideo Kojima
easy,boolean,"In ""Tony Hawk's Underground"", the main character's friend turned rival is named ""Jeff Sampson""",False,True,,
medium,boolean,David Baszucki was a co-founder of ROBLOX Corporation.,True,False,,
hard,boolean,"In ""Call Of Duty: World At War"", the first appearance of the ""PPSH-41"" in ""Zombies"" was in the map ""Der Riese"".",False,True,,
medium,multiple,"In ""A Hat In Time"" who is the final boss?",Mustache Girl,Snatcher,Conductor,Mafia Boss
medium,multiple,"In Super Smash Bros. Ultimate, which of the following pair of characters are NOT considered ""Echo Fighters""?",Link & Young Link,Marth & Lucina,Richter & Simon,Peach & Daisy
easy,multiple,"In Overwatch, which ape species is the hero Winston?",Gorilla,Orangutan,Chimpanzee,Gibbon
hard,estimate,"In the game ""Sonic the Hedgehog (1991)"" how many chaos emeralds could you collect?",6,8,7,9
hard,multiple,"In the game ""Super Hang-On"" which is the top speed WITH the use of turbo?",324 km/h,320 km/h,280 km/h,286 km/h
easy,multiple,"In the game Dark Souls, what is the name of the region you're in for the majority of the game?",Lordran,Drangleic,Oolacile,Catarina
easy,multiple,In what city in the dystopia alternate future of Half-Life 2 do you first start in?,City 17,City 18,City 6,City 45
medium,multiple,Which was the first video game to be produced by development company Rare?,Slalom,R.C. Pro-Am,Donkey Kong Country,Battletoads
easy,multiple,Who voices GLaDOS in the Portal games?,Ellen McLain,Michelle Forbes ,Mary Kae Irvin ,Natasha Radski
hard,multiple,The voice actor for which Portal 2 character was not a TV or film actor prior to the game?,GLaDOS,Cave Johnson,Wheatley,Atlas / P-Body
easy,multiple,"In World of Warcraft, What was the name of the spell that caused a plague that famously killed millions of players in 2005?",Corrupted Blood,Necrotic Plague,Unbound Infestation,Mutated Infection
medium,estimate,In what year was Pokémon Diamond & Pearl released in Japan?,2006,2009,2007,2008
medium,multiple,Which of the following games has the most playable characters?,Timesplitters: Future Perfect,Mortal Kombat: Armageddon,Marvel Vs. Capcom 2,Dragon Ball Z: Budokai Tenkaichi 3
easy,multiple,"In Spyro the Dragon, what is Spyro's dragonfly friend called?",Sparx,Sam,Sparky,Spinkles
hard,multiple,"In Super Smash Bros. for Nintendo 3DS and Nintendo Wii U, who was the sixth fighter to be added to the game post-launch?",Corrin,Cloud,Bayonnetta,Ryu
easy,estimate,In which year did the orignal Sims game release?,2000,2001,1999,1998
medium,estimate,In which year did the first Monster Hunter game get released?,2004,2006,2005,2002
hard,estimate,"In Counter Strike: Global Offensive, what is the code implanted onto the C4 as the Terrorists plant the bomb?",7355608,7890728,7256380,7726354
easy,boolean,"The game ""Jetpack Joyride"" was created by ""Redbrick Studios"".",False,True,,
hard,multiple,"In the ""Ace Attorney"" series, who was the truly responsible of the forging of the autopsy report of the pivotal IS-7 incident?",Bansai Ichiyanagi,Manfred Von Karma,Gregory Edgeworth,Tateyuki Shigaraki
easy,multiple,"In the game ""Overwatch,"" what are the names of the two Australian criminals from the Junkers faction?",Junkrat and Roadhog,Roadrat and Junkhog,Ana and Pharah,McCree and Deadeye
easy,boolean,Rebecca Chambers does not appear in any Resident Evil except for the original Resident Evil and the Gamecube remake.,False,True,,
easy,multiple,"What was Frank West's job in ""Dead Rising""?",Photojournalist,Janitor,Chef,Taxi Driver
medium,multiple,What is the name of the province you explore in Runescape?,Gielinor,Mordor,Kopar,Ashendale
medium,multiple,"In the ""Pikmin"" series, what is the only pikmin type to possess visible ears?",Yellow,Red,White,Winged
medium,multiple,"In the world strategy game 'Sid Meier's Civilization', a programming bug caused the AI depiction of Gandhi to do which of the following?",Become aggressive and launch nuclear strikes,Begin speaking in German ,Become friendly and trade his entire wealth,Launch attacks on his own cities and assets
medium,boolean,"In the canon ""Neptunia"" games, Neptune is always the main protagonist.",False,True,,
hard,estimate,"How many trophies are there in ""Super Smash Bros. for Nintendo 3DS""?",685,1360,716,1155
medium,estimate,"In the ""Call Of Duty: Zombies"" map ""Origins"", how many steps are there to upgrade a Staff?",4,7,5,3
easy,multiple,What is the name of the main healing item in Dark Souls?,Estus Flask,Health Potion,Orange Juice,Ashen Flask
easy,multiple,What is the name of Team Fortress 2's Heavy Weapons Guy's minigun?,Sasha,Betty,Anna,Diana
medium,multiple,"In ""Overwatch"", what is the name of Mercy's ""ultimate ability""?",Valkyrie,Earthshatter,Rocket Barrage,Molten Core
hard,multiple,"According to Toby Fox, what was the method to creating the initial tune for Megalovania?",Singing into a Microphone,Playing a Piano,Using a Composer Software,Listened to birds at the park
hard,multiple,Which of these weapon classes DO NOT appear in the first Monster Hunter game?,Bow ,Hammer,Heavy Bowgun,Light Bowgun
medium,multiple,"In Night In The Woods, what is Mae Borowski mother's name?",Candy,Jenny,Margaret,Kate
easy,multiple,Which company is the one responsible for creating the strategy videogame Stellaris?,Paradox Development Studio,Overkill Software,Tripwire Interactive LLC,Ensemble Studios
easy,multiple,What does Solid Snake use to hide himself with?,Cardboard Box,Cloaking Device,Metal Crate,Cardboard cut-out
medium,multiple,"In the video game DOTA 2, which of these is NOT a hero?",Dragon Champion,Dark Seer,Keeper of the Light,Mirana
medium,multiple,"In PROTOTYPE 2, which of the following abilities/weapons is NOT obtained by an Evolved?",Tendrils,Blade,Bio-Bomb,Pack Leader
medium,multiple,"In Pokemon Diamond, Pearl and Platinum, where can a Munchlax be found?",Honey Trees,Trading with an NPC,Grass on Route 209,Wayward Cave
hard,multiple,"Who is the victim mentioned in the second KG-8 incident, in Ace attorney Investigations, Case 4?",Deid Mann,Frank Sahwit,Shey De Killer,Raymond Shields
medium,multiple,"What is the main character's name in ""Braid""?",Tim,Boregard,James,Jackson
hard,multiple,Which of the following games in the The Legend of Zelda franchise was released in North America before Japan?,The Legend of Zelda: Twilight Princess,Zelda II: The Adventure of Link,The Legend of Zelda: Four Swords Adventures,The Legend of Zelda: Majora's Mask
medium,multiple,"""Rollercoaster Tycoon"" was programmed mostly entirely in...",x86 Assembly,C++,C,ALGOL
medium,multiple,"In Sid Meier's Civilization V, which World Wonder can only be built in cities on or next to a desert?",Petra,The Pyramids,Alhambra,Mausoleum of Maussollos
medium,multiple,What is the punishment for playing Postal 2 in New Zealand?,"10 years in prison and a fine of $50,000","Fine of $5,000",Nothing,"15 years in prison and a fine of $10,000"
medium,multiple,"The original mascot of the popular Nintendo game, ""Splatoon"" was going to be...",Mario,Inklings,Octolings,Zelda
medium,multiple,"Toby Fox's ""Megalovania"" was first used where?",Radiation's Earthbound Halloween Hack,Homestuck: [S] Wake,Undertale,Mother: Cognitive Dissonance
hard,multiple,"In the Super Mario Bros. Series, what is Yoshi's scientific name?",T. Yoshisaur Munchakoopas,Yoshi,T. Yoshisotop Munchakoopas,Yossy
easy,multiple,What company developed the Xbox line of video game consoles?,Microsoft,Sony,Toshiba,IBM
medium,multiple,Which of these characters won the Super Smash Bros. Fighter Ballot in 2015?,Bayonetta,Cloud,Ryu,Megaman
medium,multiple,"Which of these is not a DLC vehicle in ""Mario Kart 8""?",Wild Wiggler,Bone Rattler,B Dasher,300 SL Roadster
medium,boolean,"In Riot Games ""League of Legends"" the name of Halloween event is called ""The Reckoning"".",False,True,,
easy,multiple,Which Grand Theft Auto (GTA) games have the same setting?,GTA V and GTA San Andreas,GTA V and GTA Vice City,GTA IV and GTA San Andreas,GTA IV and GTA Vice City
medium,multiple,Who's the creator of Geometry Dash?,Robert Topala,Scott Cawthon,Adam Engels,Andrew Spinks
medium,multiple,What was the first Super Mario game ever released in North America for the 3DS?,Super Mario 3D Land,Super Mario Maker,New Super Mario Bros. 2,Mario Kart 7
hard,multiple,Which of these Generation 1 Pokemon did NOT have an evolution in Generation 4?,Jynx,Electabuzz,Magmar,Rhydon
easy,boolean,"In ""Mario Kart 64"", Waluigi is a playable character.",False,True,,
medium,multiple,Which football player is featured on the international cover version of the video game FIFA 16?,Lionel Messi,Cristiano Ronaldo,Wayne Rooney,David Beckham
easy,estimate,"In what year was ""Antichamber"" released?",2013,2012,2014,2011
medium,multiple,What is the name of the protagonist of Life Is Strange?,Max Caulfield,Frank Bowers,Rachel Amber,Kate Marsh
medium,multiple,"In the game ""Cave Story,"" what is the character Balrog's catchphrase?",Huzzah!,Yes!,Whoa there!,Nyeh heh heh!
medium,boolean,"In the game ""Subnautica"", a ""Cave Crawler"" will attack you.",True,False,,
medium,multiple,What is the name of the final boss in Turok: Dinosaur Hunter?,The Campaigner,The Primagen,Oblivion,Lord Tyrannus
easy,multiple,"In ""A Hat in Time"", what must Hat Kid collect to finish a level",A time piece,A heart fragment,A relic fragment,A hat
easy,multiple,"Which game did ""Sonic The Hedgehog"" make his first appearance in?",Rad Mobile,Sonic The Hedgehog,Super Mario 64,Mega Man
hard,multiple,What is the name of the virus that infected New York in Tom Clancy's The Division?,Dollar Flu,Ebola,Red Poison,Smallpox
hard,estimate,"Counting the Blood and Wine DLC, how many Hero Cards are there in total in The Witcher 3?",25,30,20,15
easy,estimate,How many carbon cars are there in Burnout Paradise?,6,4,3,5
easy,multiple,Which of the following was a map that was in Team Fortress 2 at launch?,Gravel Pit,Hoodoo,Gold Rush,Upward
hard,multiple,What is the fastest speed possible in Trackmania²: Stadium?,1000  km/h,500 km/h,320 km/h,100 km/h
easy,multiple,"In Splatoon 2, who are the members of Off The Hook?",Pearl & Marina,Callie & Marie,Diamond & Aquamarina,DJ Octavio & Crusty Sean
medium,estimate,"In Minecraft, how many items can a single piece of coal smelt when used in a furnace?",8,12,10,6
medium,boolean,"In ""Super Mario World"", the rhino mini-boss, Reznor, is named after the lead singer of the band ""Nine Inch Nails"".",True,False,,
medium,multiple,"In ""Resident Evil 2"", what is Leon Kennedy's middle name?",Scott,Shaun,Simon,Sam
medium,multiple,"Which was the first ""Call Of Duty: Zombies"" map to introduce the ""Wunderwaffe DG-2""?",Shi No Numa,Tranzit,Kino Der Toten,Der Riese
medium,multiple,What is the name of the 8th installment in the Fire Emblem series?,The Sacred Stones,Blazing Sword,Awakening,Path of Radiance
easy,multiple,"In the video game franchise ""Halo"", what is the UNSC's main opposing faction called?",The Covenant,The Reckoning,The Peoples,The Slaughterers
medium,multiple,"What is the real name of the Scout in ""Team Fortress 2""?",Jeremy,Lance,Walter,John
medium,multiple,What video game genre were the original Warcraft games?,RTS (Real Time Strategy),RPG (Role Playing Game),TBS (Turn Based Strategy),MMO (Massively Multiplayer Online)
medium,estimate,"In Need For Speed: Most Wanted (2005), how many people are there to defeat on the blacklist?",15,5,10,20
easy,multiple,What color is the iconic arcade character Q*Bert?,Orange,Blue,Green,Brown
medium,multiple,What was the name of the Secret Organization in the Hotline Miami series? ,50 Blessings,American Blessings,50 Saints,USSR's Blessings
medium,estimate,"When was the game ""Roblox"" released?",2006,2003,2002,2007
easy,multiple,Which of these is NOT the name of a rival gang in the video game Saint's Row 2?,The Zin Empire,The Brotherhood,The Ronin,The Sons of Samedi
hard,multiple,"In the game Cry of Fear, which enemy can cause the player to kill themselves if they are wielding a loaded firearm?",Drowned,Suicider,Citalopram,Psycho
hard,multiple,"In ""Team Fortress 2"", what is the fastest taunt kill that can be pulled off?",Showdown,Hadouken,Organ Grinder,Skewer
medium,multiple,What American city was featured in the 1999 PC game Midtown Madness?,Chicago,Washington D.C.,San Francisco,New York City
easy,multiple,"In the game ""Dead Rising"", what is the profession of the main character Frank West?",Photojournalist,Motorbike Performer,Bartender,Mechanic
hard,multiple,"In ""Pokémon Sun and Moon"", Team Skull took over which town?",Po Town,Heahea City,Tapu Village,Iki Town
easy,multiple,Who is the main protagonist in the game Life is Strange: Before The Storm?,Chloe Price ,Max Caulfield,Rachel Amber,Frank Bowers
hard,multiple,"Which occupation did John Tanner, the main protagonist for Driver and Driver 2, had before turning into an undercover cop?",Racing Driver,Taxi Driver,Delivery Driver,Getaway Driver
easy,estimate,"In ""Undertale"", how many main endings are there?",3,2,5,13
medium,multiple,In Yakuza 4 who is the first character you play as?,Shun Akiyama,Taiga Saejima,Kazuma Kiryu,Goro Majima
medium,estimate,In what year was the first eSports competition?,1972,1989,1990,2000
hard,multiple,Which of the four empires in  Eve Online was the first to achieve faster than light travel?,Amarr Empire,Caldari State,Gallente Federation,Minmatar Republic
medium,multiple,In which country's version of Half-Life are the HECU Marines replaced with robots?,Germany,Japan,China,France
hard,multiple,Which of the following games in the The Legend of Zelda franchise was released in Japan before North America?,The Legend of Zelda: The Minish Cap,The Legend of Zelda: Twilight Princess,The Legend of Zelda: Spirit Tracks,The Legend of Zelda: Four Swords
hard,multiple,"Which game in the ""Dark Souls"" series does the player play as the ""Ashen One""?",Dark Souls III,Dark Souls I,Bloodborne,Demon Souls
medium,multiple,"In Need For Speed Most Wanted (2005), what do you drive at the beginning of the career mode?",BMW M3 GTR,Porsche 911 Turbo,Nissan 240SX,Ford Mustang
medium,boolean,"In career mode of ""Need for Speed: Underground 2"", the first car the player can drive is the BMW M3 GTR.",False,True,,
medium,multiple,"Who is the main character of the game series ""Ace Attorney"" ?",Phoenix Wright,Winston Payne,Dahlia Hawthorne ,Ash Ketchum
easy,multiple,M.U.G.E.N. is the name for what type of Game Engine?,Fighting Game,Platforming Game,Shooter Game,Puzzle Game
hard,multiple,"In the Zombies mode of ""Call of Duty: Black Ops"", what is the ""Pack-A-Punched"" version of the ""Galil"" called?",Lamentation,Galvanized Atomic Lead Insertion Liquidator,Gabig,Predictive Death Wish
medium,multiple,What was the #1 selling game on Steam by revenue in 2016?,Sid Meier's Civilization VI,Grand Theft Auto V,Counter Strike: Global Offensive,Dark Souls III
hard,estimate,"In the game Warframe, what Mastery Rank do you need to have to build the Tigris Prime?",13,6,18,10
hard,multiple,"In the game Danganronpa: Happy Trigger Havoc, the character Aoi Asahina's ultimate ability is what?",Ultimate Swimmer,Ultimate Detective,Ultimate Gambler,Ultimate Dancer
hard,multiple,When was Minecraft 1.0 released?,"November 18, 2011","May 17, 2009","December 10, 2014","September 13, 2012"
medium,multiple,"In the game Paper Mario for the Nintendo 64 the first partner you meet is a Goomba, what is its name?",Goombario,Goombella,Goombarry,Goomby
hard,multiple,"The map featured in Arma 3 named ""Altis"" is based off of what Greek island?",Lemnos,Ithaca,Naxos,Anafi
medium,multiple,"In the game ""Dead By Daylight,"" which character starts with the perk ""Bond"".",Dwight Fairfield,Claudette Morell,Meg Thomas,Jake Park
medium,boolean,"TF2: The Heavy's voice actor, Gary Schwartz, voices the Demoman as well ",True,False,,
medium,multiple,"What is the name of the creature that the main character befriends in ""The Last Guardian""?",Trico,Nico,Wolf,Andazi
hard,multiple,"In the ""Little Lost Girl"" Easter Egg in Call of Duty: Black Ops II, what's the last step required for the achievement?",Raise Hell,Freedom,Skewer the Winged Beast,Ascend from Darkness
medium,multiple,"In ""Kingdom Hearts"", what is the name of Sora's home world?",Destiny Islands,Agrabah,Land of Departure,Disney Town
medium,estimate,"How many Mudokons are rescuable in ""Oddworld: New 'N' Tasty""?",299,301,50,300
easy,estimate,"In what year was the first ""Mass Effect"" game released?",2007,2008,2009,2010
medium,multiple,"Which country was Eliza ""Ash"" Cohen from ""Tom Clancy's Rainbow Six Siege"" born in?",Israel,United States of America,Mexico,Canada
hard,multiple,What was the name of the hero in the 80s animated video game 'Dragon's Lair'?,Dirk the Daring,Arthur,Sir Toby Belch,Guy of Gisbourne
medium,estimate,"How many different notes is the tune, ""Song of Healing"", comprised of in ""The Legend of Zelda: Majora's Mask""?",3,4,1,6
hard,multiple,"Which Kingdom Hearts game featured the cast of ""The World Ends With You""?",Dream Drop Distance,Birth By Sleep,365/2 Days,Re:Chain of Memories
easy,multiple,"Which of these is NOT a playable character in ""Left 4 Dead""?",Nick,Louis,Zoey,Bill
easy,multiple,What is Gabe Newell's favorite class in Team Fortress 2?,Spy,Heavy,Medic,Pyro
medium,multiple,Which country is featured in Ace Combat 5: The Unsung War?,Osea,Aurelia,Australia,Japan
medium,multiple,What was the character Kirby originally going to be named?,Popopo,Dedede,Waddle Dee,Prince Puff
easy,multiple,What is the name of the playable character in the 2018 video game Deltarune: Chapter 1?,Kris,Frisk,Chara,Gaster
easy,multiple,"""Tomb Raider"" icon Lara Croft was originally called...",Laura Cruz,Laura Craft,Laura Croft,Lara Craft
medium,multiple,Which one of these is NOT a character in the video game Overwatch,Garen,Reaper,Hana Song,Tracer
hard,estimate,How many total monsters appear in Monster Hunter Generations?,105,100,98,73
easy,multiple,What vehicle in PUBG has the highest top speed?,Motorcycle,PG-117,Dacia,Buggy
medium,multiple,Which actor provided the voice for the main character's father in Fallout 3?,Liam Neeson,Kiefer Sutherland,Brendan Gleeson,Robbie Coltrane
hard,estimate,"In ""Team Fortress 2"", how much health does a scout have when overhealed?",185,215,195,225
easy,estimate,"When was the top-down online RPG ""Space Station 13"" released?",2003,2000,2010,2006
medium,multiple,"What CoD ""Deathstreak"" is only featured in Call of Duty : Modern Warfare 2?",Copycat, Martrydom,Final Stand,Revenge
medium,boolean,Mortal Kombat was almost based on Jean-Claude Van Damme movie.,True,False,,
easy,boolean,"In the ""Half-Life"" series, ""H.E.V"" stands for ""Hazardous Evasiveness Vest""",False,True,,
medium,multiple,On which planet does the game Freedom Planet (2014) take place?,Avalice,Freedom,Galaxytrail,Shang Mu
hard,multiple,"Which game in the ""Monster Hunter"" series introduced the ""Insect Glaive"" weapon?",Monster Hunter 4,Monster Hunter Freedom,Monster Hunter Stories,Monster Hunter 2
easy,boolean,"In Team Fortress 2, the weapon ""Your Eternal Reward"" is a reference to the 1992 film Aladdin.",True,False,,
medium,multiple,What is the main character of Metal Gear Solid 2?,Raiden,Solidus Snake,Big Boss,Venom Snake
easy,multiple,What was the name of the canceled projected by Blizzard Entertainment that would be later become Overwatch?,Titan,Omnic,Omega,Ghost
easy,multiple,"The Khajiit are a race of cat-like creatures from which epic series of role-playing games, set across the land of Tamriel?",The Elder Scrolls,Lord of the Rings,The Witcher,Neverwinter Nights
medium,multiple,"Which of these symbols can be seen on the shirt of the 1993 video game character, Bubsy T. Bobcat?",An exclamation point,A question mark,The letter B,Nothing
hard,boolean,"The names of Roxas's Keyblades in Kingdom Hearts are ""Oathkeeper"" and ""Oblivion"".",True,False,,
easy,multiple,Who is the main villain in Bendy and the ink machine?,Bendy,Joey Drew,Alice,Boris
easy,multiple,"In the Street Fighter franchise, what's Ken's surname?",Masters,Mitchell,Michaels,Morrison
easy,multiple,"Before it's redesign of the company logo in the year 2000, which 3D shape is NOT represented in the Electronic Arts logo?",Cylinder,Pyramid,Cube,Sphere
easy,multiple,"In the video game, Half-life, what event started the Half-life universe as we know today?",The Resonance Cascade,World War 3,The Xen Attack,The Black Mesa Nuke
easy,multiple,In the original Spyro game who is the first villain?,Gnasty Gnorc,Ripto,Sorceress,Cynder
hard,multiple,Which was the first M-rated video game developed by Squaresoft/Square Enix?,Parasite Eve,Final Fantasy VIII,Front Mission,Vagrant Story
medium,multiple,Which of the following Mario Kart 8 Deluxe items will NOT make you invincible?,Golden Mushroom,Star,Bullet Bill,Boo
medium,multiple,"In which ""Call of Duty"" game are the ""Apothicons"" introduced in the Zombies mode?",Call Of Duty: Black Ops III,Call Of Duty: Black Ops,Call Of Duty: World At War,Call Of Duty: Black Ops II
medium,boolean,"In the rules of the Danganronpa franchise, it states that a nighttime curfew for certain areas occurs between 12am and 8am.",False,True,,
medium,multiple,Which of these is NOT the name of a playable map in PUBG: Battlegrounds?,Orinocco,Miramar,Sanhok,Vikendi
easy,multiple,"What household item make the characters of ""Steins; Gate"" travel through time?",Microwave,Computer,Refrigerator,Televison
easy,multiple,"Which of these is not a wonder weapon in ""Call Of Duty: Zombies""?",R115 Resonator,GKZ-45 Mk3,Ray Gun,Scavenger
hard,multiple,"In the alternate timeline in Mortal Kombat, which character was the one to slaughter the Shirai Ryu clan?",Quan Chi,Sub-Zero,Sektor,Shang Tsung
medium,multiple,"Who is the main protagonist of ""Ace Combat Zero: The Belkan War""?",Cipher,Mobius 1,Blaze,Pixy
medium,multiple,"In ""Overwatch"", Coalescence is the name for the ultimate of which hero?",Moira,Zenyatta,Torbjorn,Symmetra
medium,multiple,"In ""PAYDAY 2"", what weapon has the highest base weapon damage on a per-shot basis?",HRL-7,Heavy Crossbow,Thanatos .50 cal,Broomstick Pistol
hard,multiple,"What was the name of the game created by Masahiro Sakurai and Satoru Iwata that would eventually evolve into ""Super Smash Bros.""?",Dragon King: The Fighting Game,Nintendo Legends: Fight!,Martial Arts: King of the Hill,Aerial Warriors: Supreme Battle
medium,multiple,"In the Half-Life universe, the Black Mesa Research Facility is located in which US state?",New Mexico,Nevada,Arizona,Wyoming
medium,multiple,"What animal is featured in ""Bloons TD Battles""?",Monkeys,Alligators,Pigeons,Lizards
hard,multiple,"In the Team Fortress 2 canon, what did Shakespearicles NOT invent?",Stairs,Two-Story Building,Rocket Launcher,Stage Play
hard,multiple,"In ""Sonic the Hedgehog 2"" for the Sega Genesis, what do you input in the sound test screen to access the secret level select?",The Lead Programmer's birthday,"The first release date of ""Sonic the Hedgehog""",The date Sonic Team was founded,"The first release date of ""Sonic the Hedgehog 2"""
easy,multiple,"What is the hardest possible difficulty in ""Deus Ex: Mankind Divided""?",I Never Asked For This,Nightmare,Extreme,Guru
easy,multiple,Which of the following is not a faction in Tom Clancy's The Division?,CDC,Cleaners,Last Man Batallion,Rikers
medium,multiple,"The rights to the ""Rayman"" series are owned by which company?",Ubisoft,Nintendo,EA,Sony
medium,multiple,What was the name of the device used by Scarecrow in Batman: Arkham Knight to cover Gotham in fear gas?,The Cloudburst,The Fear Bomb,The Fearburst,Cloud Dispersal System
medium,boolean,"In the Disgaea series, any character can equip any weapon.",False,True,,
medium,multiple,What was the name of the first MMORPG to popularize the genre?,Ultima Online,World of Warcraft,Meridian 59,Guild Wars
easy,multiple,"Which of the following is a class in the game ""Hearthstone""?",Priest,Sage,Cleric,Monk
easy,multiple,"Who made the video game, ""Bendy and the Ink Machine""?",TheMeatly,Scott Cawthon, Jeff Kaplan,Konami
easy,boolean,"In the game ""Destiny,"" the three subclasses of the Hunter are Bladedancer, Nightstalker, and Sunsinger.",False,True,,
easy,estimate,"In what year was ""Metal Gear Solid"" released in North America?",1998,1987,2001,2004
easy,multiple,"Which of these is not a Dragon Age Origins ""Origin"": ",Human Commoner,Dwarf Commoner,Dwarf Noble,Human Noble
medium,boolean,"The edutainment video game series character, Carmen Sandiego, is partially named after Brazilian actress, Carmen Miranda.",True,False,,
hard,multiple,Which of these TrackMania environments was NOT in the original game?,Bay,Desert,Snow,Rally
medium,multiple,"In ""Resident Evil 2"", which virus was William Birkin mutated by?",G-Virus,T-Virus,C-Virus,E-Virus
easy,multiple,"What does the D stand for in D-pad, found on most video game controllers?",Directional,Dynamic,Dial-up,Design
medium,multiple,"Ellen McLain, the voice of GLaDOS in the Portal game series, is married to the voice actor for which Team Fortress 2 character?",Sniper,Heavy,Soldier,Scout
easy,boolean,"In Splatoon, the Squid Sisters are named Tako and Yaki.",False,True,,
medium,multiple,"Which stage was planned to be a part of ""Sonic the Hedgehog 2"", but was scrapped during development?",Genocide City Zone,Stardust Speedway Zone,Sky High Zone ,Clockwork Zone
hard,multiple,"""Gimmick!"" is a Japanese Famicom game that uses a sound chip expansion in the cartridge. What is it called?",FME-7,VRC7,VRC6,MMC5
hard,multiple,"Which of the Master levels in ""Super Monkey Ball"" is also used in the arcade version of the game, simply named ""Monkey Ball""?",MASTER 9 - Bridge Master,MASTER 3 - Stamina Master,MASTER 10 - Monkey Master,MASTER 6 - Roll Master
easy,multiple,"In Animal Crossing, who is the manager of the town shop?",Tom Nook,Mr. Resetti,Gracie,K.K. Slider
medium,multiple,"How much did the indie game ""Cave Story"" cost when it was first released in 2004?",$0 USD,$5 USD,$10 USD,$15 USD
hard,boolean,"In ""Minecraft"", gold tools are faster than diamond tools.",True,False,,
hard,multiple,"In ""Sonic the Hedgehog 3"" for the Sega Genesis, what is the color of the second Chaos Emerald you can get from Special Stages?",Orange,Blue,Green,Magenta
easy,multiple,How do you tame a horse in Minecraft?,By continually mounting it,By feeding it Wheat,By feeding it Sugar,By petting it
medium,multiple,"Who was the mascot of SEGA before ""Sonic the Hedgehog""?",Alex Kidd,Opa Opa,NiGHTS,Ristar
medium,multiple,"In Minecraft, what types of sound files are required for custom SFX to work in resource packs?",.ogg,.wav,.mp3,.class
easy,multiple,What video game engine does the videogame Quake 2 run in?,iD Tech 2,iD Tech 3,iD Tech 1,Unreal Engine
easy,multiple,What game was used to advertise Steam?,Counter-Strike 1.6,Half-Life,Half-Life 2,Team Fortress
easy,multiple,"""Minecraft"" was released from beta in 2011 during a convention held in which city?",Las Vegas,Paris,Bellevue,London
medium,multiple,"Which of the following is not a prosecutor in the ""Ace Attorney"" video game series?",Jake Marshall,Godot,Miles Edgeworth,Jacques Portsman
easy,multiple,Rincewind from the 1995 Discworld game was voiced by which member of Monty Python?,Eric Idle,John Cleese,Terry Gilliam,Michael Palin
medium,multiple,What is the name of the island introduced in the ARMA III: APEX expansion pack?,Tanoa,Altis,Stratis,Malden
easy,multiple,"Which of the following is NOT a summon in the game ""South Park: The Stick of Truth""?",Towelie,Jesus,Mr. Hankey,Mr. Slave
easy,multiple,"Which popular First Person Shooter (FPS) franchise, got a Real Time Strategy (RTS) game developed based on its universe?",Halo,Battlefield,Call of Duty,Borderlands
hard,estimate,In the National Pokedex what number is Porygon-Z?,474,376,432,589
easy,multiple,"In Undertale, what's the prize for answering correctly?",More questions,New car,Mercy,Money
easy,multiple,What Nationality is D.Va from Overwatch?,Korean,Japanese,Chinese,Vietnamese 
easy,multiple,"Which of these levels does NOT appear in the console/PC versions of the game ""Sonic Generations""?",Mushroom Hill,City Escape,Planet Wisp,Sky Sanctuary
easy,multiple,Which of the following is not a character in the video game Doki Doki Literature Club?,Nico,Monika,Natsuki,Sayori
easy,multiple,"Which franchise was NOT featured in the 2015 video game ""Lego Dimensions""?",Breaking Bad,Portal,Doctor Who,Back to the Future
hard,estimate,"In what year was the game ""Eliminator"" released?",1998,2000,1999,2001
hard,multiple,"In ""Call Of Duty: Zombies"", what does the game traditionally reward you for completing a boss round?",Max Ammo,A Pack-A-Punched gun,Death Machine,Monkey Bombs
easy,multiple,What was the name of the protagonist in Portal and Portal 2?,Chell,Mel,Chloe,Christine
medium,multiple,"In the Half-Life 2 universe, how long did it take for the Combine to take complete control of the earth?",7 hours,3 months,24 hours,1 week
hard,multiple,"During development of ""Super Mario World"", Yoshi's hard saddle was originally which of these?",A shell,A slide of Gelatin,A poffin,A spike
medium,boolean,"In ""Mother 3,"" the bird on the Ultimate Chimera's head is there only for decoration.",False,True,,
medium,estimate,What numbers did Sayaka Maizono write on the wall in Dangan Ronpa Trigger Happy Havoc?,11037,"4, 8, 15, 16, 23, 42",55730,"3, 9, 11, 12, 15, 17,"
easy,multiple,"""The Potato Sack"" was a collection of indie games released on Steam in 2011 as a promotion for which game?",Portal 2,Left 4 Dead 2,Half-Life 3,Dota 2
medium,estimate,How many normal endings are there in Cry Of Fear's campaign mode?,4,5,3,6
medium,boolean,"The first PlayStation console was released in the USA on December 3rd, 1994.",False,True,,
easy,multiple,Who is Sonic's sidekick?,Tails,Shadow,Amy,Knuckles
easy,multiple,"In the survival horror game, ""Cry of Fear,"" what was the name of Simon's close friend/potential love interest?",Sophie,Olivia,Jessica,Alice
hard,multiple,"Which character, in the game ""Morenatsu"", has the most possible endings to their route, at a total of four different endings?",Shin Kuroi,Kouya Aotsuki,Soutarou Touno,Torahiko Ooshima
medium,multiple,In what engine was Titanfall made in?,Source Engine,Frostbite 3,Unreal Engine,Cryengine
medium,multiple,"If you play the Super Mario RPG and nap in a rented hotel room, you will wake up next to what familiar looking character?",Link,Wario,Q*bert,Solid Snake
easy,multiple,When was Minecraft first released to the public?,"May 17th, 2009","September 17th, 2009","November 18th, 2011","October 7th, 2011"
medium,multiple,"Which character does the player play as in the video game ""Bastion""?",The Kid,Rucks,Zulf,Zia
medium,multiple,"In the Half-Life franchise, what is the real name of the ""gravity gun""?",Zero-Point Energy Field Manipulator,Universal Gravity Manipulation Device,Isaac Newton's Theory Disprover,Quantum Energy Displacement Modifier
easy,multiple,In World of Warcraft the default UI color that signifies Druid is what?,Orange,Brown,Green,Blue
easy,multiple,Who is able to grab the survivors with his tongue in Left 4 Dead?,Smoker,Jockey,Hunter,Boomer
easy,multiple,"In ""Yo! Noid 2,"" The Noid can perform what special move?",Dab,Pizza Throw,Dodge Roll,Spin Dash
easy,estimate,What year was Super Mario Bros. released?,1985,1983,1987,1986
medium,multiple,Which team won the first Overwatch League championship?,London Spitfire,Philadelphia Fusion,New York Excelsior,Seoul Dynasty
medium,multiple,"In Portal 2, the iconic character GLaDOS is turned into:",A potato,A tomato,A lemon,An apple
easy,boolean,The main antagonist in the videogame Saints Row IV is an entity known as The Mastermind.,False,True,,
medium,multiple,Which Dota 1 hero changed gender when ported to Dota 2?,Legion Commander,Axe,Keeper of the Light,Templar Assassin
medium,multiple,What is the item required to summon the boss Duke Fishron in the game Terraria?,Truffle Worm,Suspicious Looking Fish,King Grasshopper,Slug
medium,multiple,Which of these is NOT a name of a city in the main island of PLAYERUNKNOWN'S BATTLEGROUNDS?,Belushya Guba,Yasnaya Polyana,Pochinki,Georgopol
hard,multiple,Which drive form was added into Kingdom Hearts II Final Mix?,Limit Form,Valor Form,Wisdom Form,Anti Form
easy,boolean,"The names of Tom Nook's cousins in the Animal Crossing franchise are named ""Timmy"" and ""Jimmy"".",False,True,,
hard,multiple,Which achievement name is shared between Team Fortress 2 and Left 4 Dead 2?,"Rode Hard, Put Away Wet",The Quick and the Dead,Cache Grab,F in Chemistry
medium,multiple,What was the main currency in Club Penguin?,Coins,Stamps,Tickets,Gems
medium,multiple,"What was the original name of  ""Minecraft""?",Cave Game,Minecraft: Order of the Stone,Dig And Build,Infiniminer
easy,estimate,What year was the game Team Fortress 2 released?,2007,2009,2005,2010
medium,multiple,Which ones of these Mario Kart games was made for the Gameboy Advance?,Mario Kart: Super Circuit,Mario Kart: Double Dash,Mario Kart 64,Super Mario Kart
easy,estimate,In what year was Garry's Mod released as a standalone title on Valve's Steam distribution service?,2006,2007,2004,2003
medium,multiple,When was Club Penguin launched?,"October 24, 2005","October 21, 2005","March 29, 2006","November 22, 2004"
hard,multiple,"In ""Call Of Duty: Zombies"", which map's opening cutscene shows ""Richtofen"" killing another version of himself?",The Giant,Shadows Of Evil,Der Eisendrache,Moon
medium,multiple,Which of these roles in Town of Salem is mafia?,Disguiser,Escort,Lookout,Transporter
hard,multiple,"In the ""PAYDAY"" series, what is the real name of the character known as ""Dallas""?",Nathan Steele,Nate Siemens,Nick Stamos,Nolan Stuhlinger
easy,multiple,Who is the leader of Team Valor in Pokémon Go?,Candela,Willow,Blanche,Spark
easy,multiple,Who stars in Brutal Legend?,Jack Black,Kanye West,Lemmy,Ozzy Osbourne
hard,multiple,"In Super Mario RPG: Legend of The Seven Stars, what is Geno's real name?",♡♪!?,Geno,Exor,Smithy
medium,multiple,"In ""Call Of Duty: Zombies"", which map features the ""Fly Trap"" easter egg?",Der Riese,Tranzit,Call Of The Dead,Shi No Numa
easy,multiple,What is the last name of the primary female protagonist of Final Fantasy VIII?,Heartilly,Loire,Almasy,Trepe
easy,boolean,Activision created Battlefield 1.,False,True,,
medium,multiple,"In Left 4 Dead, what is the name of the Special Infected that is unplayable in Versus mode?",The Witch,The Tank,The Smoker,The Spitter
hard,multiple,In the original DOOM (1993) which of the following is NOT a cheat code?,IDCLIP,IDFA,IDDQD,IDSPISPOPD
easy,multiple,"In ""Call Of Duty: Zombies"", what is the name of the Pack-A-Punched Crossbow?",Awful Lawton,Longinus,V-R11,Predator
medium,multiple,"In the Mario Kart and Smash Bros. Games, Princess Rosalina is considered what weight class?",Heavy,Medium,Light,Light-Medium
medium,multiple,Which survivor in Left 4 Dead sacrificed themself to save the other survivors?,Bill,Louis,Francis,Zoey
medium,multiple,Who is the main villain of the Crash Bandicoot series?,Dr. Neo Cortex,Dr. Evo-Cortex,Dr. Cortox,Sir Cartex
easy,multiple,"What company created and developed the game ""Overwatch""?",Blizzard Entertainment,Valve,Hi-Rez Studios,Gearbox Software
easy,boolean,"In Sonic the Hedgehog universe, Tails' real name is Miles Prower.",True,False,,
easy,multiple,The acronym DOTA stands for,Defense of the Ancients,Defense of the Artifacts,Defense of the Antiques,Defense of the Animated
medium,boolean,"The game series ""Titanfall"" runs on the Unreal Engine.",False,True,,
easy,multiple,Which of 2 Valve Games are set in the same universe?,Half-life and Portal,Portal and Left 4 Dead,Half-life and Left 4 Dead,Half-life and Counter Strike
easy,multiple,"Which of the following Pokemon Types was present in the original games, Red and Blue?",Ice,Steel,Dark,Fairy
hard,boolean,"The first ""Metal Gear"" game was released for the PlayStation 1.",False,True,,
easy,multiple,"Which Pokémon can learn the move ""Secret Power"" by leveling up?",Audino,Type:Null,Arceus,Silvally
easy,multiple,"Who created the ""Metal Gear"" Series?",Hideo Kojima,Hiroshi Yamauchi,Shigeru Miyamoto,Gunpei Yokoi
easy,multiple,"In ""World of Warcraft,"" which of the following can be found outside of every instanced dungeon?",A Meeting Stone,A Summoning Stone,A Gathering Stone,A Hearthstone
medium,multiple,"In ""Call Of Duty: Zombies"", completing which map's main easter egg will reward you with the achievement, ""Little Lost Girl""?",Origins,Revelations,Moon,Tranzit
medium,multiple,What song is played during the ending credits of Guitar Hero: World Tour?,Dream Theater - Pull Me Under,King Crimson - 21st Century Schizoid Man,Dragonforce - Through The Fire & The Flames,Lynyrd Skynyrd - Free Bird
medium,multiple,"In the video game ""Pizza Tower"", what is the protagonist's name?",Peppino,Pastachio,Pepper,Spinachio
medium,multiple,"In the video game ""League of Legends"" which character is known as ""The Sinister Blade""?",Katarina,Shaco,Akali,Zed
medium,multiple,Who is the main character in most of the games of the YS series?,Adol Christin ,Character doesn't have a name,Estelle Bright,Roger Wilco
medium,multiple,The creator of the Touhou Project series is:,ZUN,SUN,RUN,PUN
easy,multiple,"In Portal 2, how did CEO of Aperture Science, Cave Johnson, presumably die?",Moon Rock Poisoning,Accidentally sending a portal to the Moon,Slipped in the shower,Asbestos Poisoning
hard,multiple,Which of the following commercial vehicles from Grand Theft Auto IV did NOT reappear in Grand Theft Auto V?,Steed,Mule,Benson,Pony
hard,multiple,"In ""Halo"", what is the name of the planet which Installation 04 orbits?",Threshold,Substance,Sanghelios,Te
easy,boolean,"""Sonic the Hedgehog 2"" originally was going to have a time travel system.",True,False,,
hard,multiple,"In the 2014 Pokemon VGC Finals, which Pokemon was famous for bringing the winner to victory?",Pachirisu,Garchomp,Lapras,Primal Groudon
medium,multiple,Which of the following is not a real Pokémon?,Luminid,Dragalge,Mandibuzz,Araquanid
medium,multiple,"In ""Call of Duty: Black Ops III"" Zombies, what does completing all the main easter eggs reward you with?","1,000,000 XP",Juggernog at the start of each game,50 Liquid Diviniums,All three options.
medium,multiple,"In the beta version of the 1986 game ""The Legend of Zelda"", players have the choice between a sword and what other item?",Boomerang ,Spear,Slingshot,Crossbow
easy,multiple,"In ""Phantasy Star Online 2"", which is the first area that you are granted access to?",Forest,Swamp,Plains,Caves
medium,multiple,What element does the Zinogre use in Monster Hunter?,Thunder,Ice,Fire,Water
medium,multiple,Which of the following is NOT an official game in Nintendo's Super Smash Bros. series?,Super Smash Bros. Crusade,Super Smash Bros. Melee,Super Smash Bros. Brawl,Super Smash Bros. for Nintendo 3DS and Wii U
easy,multiple,"League of Legends, DOTA 2, Smite and Heroes of the Storm are all part of which game genre?",Multiplayer Online Battle Arena (MOBA),Real Time Strategy (RTS),First Person Shooter (FPS),Role Playing Game (RPG)
hard,multiple,"In TF2 Lore, what are the names of the Heavy's younger sisters?",Yana and Bronislava,Gaba and Anna,Yanna and Gaba,Anna and Bronislava
easy,multiple,"In Night In The Woods, where does Gregg work?",Snack Falcon,Ol' Pickaxe,"Video Outpost ""Too""",Food Donkey
easy,estimate,"In what year was the game ""FTL: Faster Than Light"" released?",2012,2014,2013,2011
easy,multiple,"In the Halo series, which era of SPARTAN is Master Chief? ",SPARTAN-II,SPARTAN-I,SPARTAN-III,SPARTAN-IV
medium,multiple,What character is NOT apart of the Grand Theft Auto series?,Michael Cardenas,Packie McReary,Tommy Vercetti,Lester Crest
medium,multiple,"In the ""Call Of Duty: Zombies"" map ""Der Riese"", what is the name of the ""Pack-A-Punched PPSH-41""?",The Reaper,Lamentation,The Grim Reaper,The Eviscerator  
medium,multiple,Who are the two protagonists of the game Yakuza 0?,Kazuma Kiryu and Goro Majima,Shintaro Kazama and Kazuma Kiryu,Keiji Shibusawa and Daisaku Kuze,Akira Nishikiyama and Tetsu Tachibana
hard,multiple,"In Monster Hunter Generations, which of these hunter arts are exclusive to the Longsword?",Unhinged Spirit,Shoryugeki,Provoke,Demon Riot
medium,multiple,"Which puzzle game was designed by a Russian programmer, featuring Russian buildings and music?",Tetris,Jenga,Boulder Dash,Puzzled
medium,multiple,"Who voices the infamous Citadel Station A.I known as S.H.O.D.A.N, in the System Shock games?",Terri Brosius, Jennifer Hale,Jenn Taylor,Lori Alan
hard,multiple,"Which of these is NOT a possible drink to be made in the game ""VA-11 HALL-A: Cyberpunk Bartender Action""?",Sour Appletini,Fringe Weaver,Piano Man,Bad Touch
medium,multiple,Who is the character you play as in Yume Nikki?,Madotsuki,Masada,Uboa,Poniko
medium,boolean,TF2: The Medic will be credited for an assist if he heals a Spy that successfully saps a building.,True,False,,
hard,multiple,"In the SHMUP series, ""Darius"", what is the name of the antagonist faction you fight against?",Belsar,Bacterion,Bydo,Orn Empire
easy,multiple,"In the fighting game ""Skullgirls,"" which character utilizes a folding chair called the ""Hurting"" as a weapon?",Beowulf,Big Band,Squigly,Cerebella
medium,multiple,Which is the protagonist of Bioshock Infinite?,Booker DeWitt,Zachary Comstock,Arthas Menethil,Herbie Hancock
hard,multiple,"Which day in ""Papers, Please"" does the man in red appear?",Day 23,Day 20,Day 17,Day 15
medium,multiple,Danganronpa Another Episode: Ultra Despair Girls is set after which Danganronpa game?,Danganronpa: Trigger Happy Havoc,Danganronpa 2: Goodbye Despair,Danganronpa V3: Killing Harmony,Danganronpa 3: The End of Hope's Peak High School
easy,boolean,"In the game Dead by Daylight, the killer Michael Myers is refered to as ""The Shape"".",True,False,,
hard,multiple,"In ""Magicka"", which two elements are combined to cast the spell, ""Nullify""?",Arcane + Shield,Lightning + Shield,Lightning + Life,Arcane + Life
medium,multiple,Which company developed the MMO Spiral Knights (2011)?,Three Rings Design,Sega,Electronic Arts,Double Fine
medium,multiple,Who is the main villain of Kirby's Return to Dreamland?,Magolor,Landia,King Dedede,Queen Sectonia 
medium,multiple,Which of the following Terran units from the RTS game Starcraft was first introduced in the expansion Brood War?,Medic,Wraith,Science Vessel,SCV
medium,multiple,"In the 2000 video game ""Crimson Skies,"" what was the name of the protagonists' zeppelin?",Pandora,Helios,Icarus,Orion
medium,multiple,"What is the name of Cream the Rabbit's mom in the ""Sonic the Hedgehog"" series?",Vanilla,Peach,Strawberry,Mint
medium,multiple,Which of these is NOT a name of a playable character in Apex Legends?,Viper,Revenant,Crypto,Wattson
easy,multiple,Which Game Boy from the Game Boy series of portable video game consoles was released first?,Game Boy Color,Game Boy Advance,Game Boy Micro,Game Boy Advance SP
hard,multiple,"According to the lore of ""Starbound"", what does the ""Colony Deed"" do when it is placed down?",Sends out an advertisement for someone to move in.,Teleports somebody from somewhere on the planet it is placed.,Teleports a random person to the location.,Materializes a new being at it's location.
easy,multiple,"What video game sparked controversy because of its hidden ""Hot Coffee"" minigame?",Grand Theft Auto: San Andreas,Grand Theft Auto: Vice City,Hitman: Blood Money,Cooking Mama
easy,multiple,"What is the name of the 4-armed Chaos Witch from the 2016 video game ""Battleborn""?",Orendi,Orendoo,Oranda,Randy
medium,multiple,Where was the Sniper character in Team Fortress 2 born?,New Zealand,South Africa,Antarctica,Australia
easy,multiple,Aperture Science CEO Cave Johnson is voiced by which American actor?,J.K. Simmons,Nolan North,John Patrick Lowrie,Christopher Lloyd
medium,multiple,Which of these is not a Fallout protagonist?,Tunnel Snake,Courier,Lone Wanderer,Vault Dweller
hard,multiple,Which of these Pokémon cannot learn Surf?,Arbok,Linoone,Tauros,Nidoking
easy,multiple,What is the name of the City in Saints Row The Third?,Steelport,Stilwater,Carcer,Liberty
easy,multiple,Who is the leader of Team Instinct in Pokémon Go?,Spark,Candela,Blanche,Willow
easy,multiple,In the Yakuza series who is the Dragon of Dojima?,Kazuma Kiryu,Sohei Dojima,Ryuji Goda,Haruka Sawamura
medium,multiple,What is not a default game mode in Counter-Strike (2000)?,Arms Race,Hostage Rescue,Bomb Defusal,Assassination
easy,multiple,"What Ultimate does Makoto Naegi, protagonist of Danganronpa: Trigger Happy Havoc, have? ",Ultimate Lucky Student,Ultimate Unlucky Student,Ultimate Detective,Ultimate Runner
easy,multiple,"Who out of these Team Fortress 2 characters, does not use a Shotgun as a secondary weapon?",Engineer,Soldier,Pyro,Heavy
easy,multiple,Which of the following is NOT a Nintendo game console?,Dreamcast,SNES,Wii,Switch
medium,multiple,Which of these Counter-Strike maps is a bomb defuse scenario?,Prodigy,747,Havana,Oilrig
easy,boolean,"In ""Super Mario 3D World"", the Double Cherry power-up originated from a developer accidentally making two characters controllable.",True,False,,
medium,multiple,Who is the main antagonist of Silent Hill 4?,Walter Sullivan,Alessa Gillespie,Pyramid Head,Claudia Wolf
medium,estimate,Marvel vs Capcom 2: New age of Heroes was released in what year?,2000,2001,2003,1998
medium,multiple,What was the first game ever released that ran on the Source engine?,Counter-Strike: Source,Half-Life 2,Garry's Mod,Team Fortress 2
easy,multiple,What is the first Sony PlayStation console that runs on CD?,PS,PS2,PS3,PS4
hard,multiple,"What is the main theme song of ""Sonic Adventure 2""?",Live and Learn,Open Your Heart,Can You Feel the Sunshine?,His World
medium,multiple,"What former MOBA, created by Waystone Games and published by EA, was shut down in 2014?",Dawngate,Strife,League of Legends,Heroes of Newerth
easy,multiple,What is the name of the largest planet in Kerbal Space Program?,Jool,Eeloo,Kerbol,Minmus
easy,estimate,What is the maximum HP in Terraria?,500,400,1000,100
easy,multiple,"Who created the indie adventure game ""Night in the Woods""?",Alec Holowka,Ron Gilbert,Tim Schafer, Tommy Refenes
easy,multiple,Who created the digital distribution platform Steam?,Valve,Pixeltail Games,Ubisoft,Electronic Arts
hard,multiple,Which of these games was NOT developed by Markus Persson?,Dwarf Fortress,Minecraft,Wurm Online,0x10c
medium,boolean,The ADAM collecters in the Bioshock series are known as Little Sisters.,True,False,,
medium,multiple,"Which one of the first four titles of the ""Grand Theft Auto"" franchise started the series of iconic image grid cover arts?",Grand Theft Auto III,Grand Theft Auto,Grand Theft Auto II,Grand Theft Auto Vice City
medium,multiple,"Who voiced the character Joel in ""The Last of Us""?",Troy Baker,Nolan North,John DiMaggio,Steve Blum
easy,multiple,"In Five Nights at Freddy's 1, how can you make Golden Freddy disappear?",Enable cameras,Turn on the light,Shut the door,Do nothing
medium,multiple,"Which town was Seamus ""Sledge"" Cowden from ""Tom Clancy's Rainbow Six Siege"" born in?",John O'Groats,Brawl,Kearvaig,Talmine
medium,multiple,Which one of these games wasn't released in 2016?,Metal Gear Solid V,Tom Clancy's The Division,Killing Floor 2,Hitman
hard,estimate,How many partners can you obtain in Paper Mario: The Thousand-Year Door?,7,6,9,10
easy,boolean,"In ""Need for Speed: Porsche Unleashed"", the player can only drive cars manufactured by Porsche.",True,False,,
medium,estimate,"In Grand Theft Auto: V, what wanted level does the player receive if they enter Zancudo Army Base north of Los Santos?",4,3,5,1
medium,multiple,"In the game Tom Clancy's Rainbow 6 Siege, what organization is Valkyrie from?",Navy Seals,S.A.S,G.I.G.N,F.B.I
hard,multiple,"In the game ""VA-11 Hall-A"" during Virgilio's ending, Virgilio opens his own:",Curry Stand,Bar,Museum,Law Firm
easy,boolean,"Gordon Freeman, the protagonist of ""Half-Life"", is said to have once had a ponytail.",True,False,,
medium,boolean,DragonForce's 'Through the Fire and Flames' is widely considered to be the hardest song in the Guitar Hero series.,True,False,,
easy,multiple,"What are Sans and Papyrus named after in ""Undertale""?",Fonts,Plants,Companies,Ancient writing paper
medium,multiple,What Sims console game featured the Black Eyed Peas in the game?,The Urbz: Sims In The City,The Sims 2,The Sims,The Sims: Bustin Out
easy,multiple,"In Super Mario Bros., who informs Mario that the princess is in another castle?",Toad,Luigi,Yoshi,Bowser
easy,multiple,Pokémon Go is a location-based augmented reality game developed and published by which company?,Niantic,Rovio,Zynga,Supercell
medium,multiple,When was the Sega Genesis released in Japan?,"October 29, 1988","August 14, 1989","November 30, 1990","September 1, 1986"
easy,multiple,"The games Cry of Fear, Natural Selection and Counter-Strike were originally mods for what video game?",Half-Life,Warcraft III,Arma 2,Doom
medium,multiple,"In ""Halo 2"", what is the name of the monitor of Installation 05?",2401 Penitent Tangent,343 Guilty Spark,031 Exuberant Witness,252 Biodis Expolsion
easy,multiple,"In ""Phoenix Wright: Ace Attorney"" which character is the District Chief of Police?",Damon Gant,Miles Edgeworth,Lana Skye,Mike Meekins
medium,multiple,"What's the famous line Vaas says in ""Far Cry 3""?",Did I ever tell you the definition of Insanity?,Have I failed to entertain you?,You're my b*tch!,Maybe your best course...would be to tread lightly.
easy,multiple,Who is the main antagonist of Ori and the Blind Forest?,Kuro,Nibel,Gumo,King Rammer XII
easy,multiple,Which eSports team came first place in The International Dota 2 Championship 2016?,Wings Gaming,Digital Chaos,Evil Geniuses,Fnatic
easy,multiple,"In the game ""Fire Emblem: Shadow Dragon"", what is the central protagonist's name?",Marth,Roy,Eliwood,Robin
medium,multiple,"Capcom's survival horror title Dead Rising, canonically starts on what day of September 2006?",September 19th,September 21st,September 30th,September 14th
hard,multiple,"What's the name of the halloween-related Sims 4 Stuff Pack released September 29th, 2015?",Spooky Stuff,Ghosts n' Ghouls,Nerving Nights,Fearful Frights
medium,boolean,"In the game ""Until Dawn"" Emily is the only playable character who can be killed by another playable character directly.",True,False,,
medium,multiple,"In Splatoon 2's Hero Mode, which agent does the player take the role of?",Agent 4,Agent 1,Agent 2,Agent 3
medium,multiple,"What is the name of the common, gun-toting enemies of the ""Oddworld"" video game series?",Sligs,Scrabs,Slogs,Glukkons
medium,multiple,"In Terraria, what does the Wall of Flesh not drop upon defeat?",Picksaw,Pwnhammer,Breaker Blade,Laser Rifle
medium,multiple,What was the first .hack game?,.hack//Infection,.hack//Zero,.hack//Sign,.hack//Liminality
medium,boolean,Fortnite was originally intended to be a horror game.,True,False,,
medium,multiple,In which U.S. state is Far Cry 5's fictional setting 'Hope County' located?,Montana,Idaho,Wyoming,North Carolina
medium,multiple,"On the 6th of June 2006, what was the name of the infamous glitch that occurred in the MMO RuneScape?",The Falador Massacre,Noclip glitch,Party-hat Duplication Glitch,TzHaar Massacre
medium,multiple,"In the game ""Subnautica"", which feature was removed due to performance issues in 2016?",Terraforming,Building,Crafting,Multiplayer
medium,multiple,Which of the following has Jennifer Taylor NOT voiced?,Sarah Kerrigan,Princess Peach,Zoey,Cortana
easy,multiple,"In the original Mega Man series, who is Mega Man's arch nemesis?",Dr. Wily,Dr. Light,Dr. Bad,Mr. Z
medium,multiple,"Which of these characters was almost added into Super Smash Bros. Melee, but not included as the game was too far in development?",Solid Snake,Pit,Meta Knight,R.O.B.
easy,multiple,Which of the following Elite Four members from the 6th Generation of Pokémon was a member of Team Flare?,Malva,Siebold,Wikstrom,Drasna
medium,estimate,What level do you have to be to get a service medal on CS:GO?,40,50,30,20
easy,boolean,"The 2005 video game ""Call of Duty 2: Big Red One"" is not available on PC.",True,False,,
hard,multiple,"What is the default name of the Vampire character in ""Shining Soul 2"".",Bloodstar,Sachs,Dracuul,Alucard
easy,boolean,"Ana was added as a new hero for the game Overwatch on July 19th, 2016.",True,False,,
easy,multiple,Which of these characters is the mascot of the video game company SEGA?,Sonic the Hedgehog,Dynamite Headdy,Alex Kidd,Opa-Opa
medium,multiple,Which of the following is not a playable race in the MMORPG Guild Wars 2? ,Tengu,Sylvari,Charr,Asura 
hard,boolean,"All of these maps were in ""Tom Clancy's Rainbow Six Siege"" on its initial release: House, Clubhouse, Border, Consulate.",False,True,,
hard,multiple,"In the Pokémon series, what is Palkia's hidden ability?",Telepathy,Pressure,Water Bubble,Hydration
medium,estimate,"In the ARPG ""Path of Exile,"" what is the highest amount of sockets that an item can have?",6,5,4,8
medium,multiple,"In the Super Mario Bros. series, what game is the  ""Carrot"" power-up from?",Super Mario Land 2: The 6 Golden Coins,Super Mario World,Super Mario Land,Super Mario 3D Land
medium,boolean,"During pre-production of ""Super Mario Bros."", Mario originally was meant to shoot bullets.",True,False,,
hard,multiple,"What programming language was used to create the game ""Minecraft""?",Java,HTML 5,C++,Python
easy,multiple,"In the video game Overwatch, which playable character is infamous for saying ""It's high noon.""?",McCree,Hanzo,Pharah,Soldier: 76
medium,multiple,Which of these is NOT a faction included in the game Counter-Strike: Global Offensive?,BOPE,GSG-9,Elite Crew,Phoenix Connexion
medium,multiple,When was the original Star Wars: Battlefront II released?,"October 31, 2005","December 18, 2004","November 21, 2006","September 9, 2007"
hard,multiple,Which game in the Dance Dance Revolution series introduced the Extra Stage?,DDR,DDR Solo 2000,DDRMAX,DDR EXTREME
easy,multiple,"In Pokemon, the ability Wonder Guard is exclusive to which Pokemon? ",Shedinja ,Sableye,Spiritomb,Silvally 
easy,multiple,"The protagonist of the hit game, Half-Life 2 is called:",Gordon Freeman,Alyx Vance,Isaac Kleiner,Wallace Breen
medium,multiple,"Who is the main character of ""Metal Gear Solid 3""?",Naked Snake,Solid Snake,Liquid Snake,Venom Snake
medium,multiple,"In the ""S.T.A.L.K.E.R."" series, which of these items can't be used to lower the player's accumulated radiation?",Radioprotectant,Anti-rad,Medkit,Vodka
easy,multiple,"Which character in Undertale tells you that you're ""gonna have a bad time""?",Sans,Undyne,Asgore,Asriel Dreemurr
medium,multiple,"In the Mass Effect trilogy, who is the main protagonist?",Shepard,Mordin,Garrus,Thane
hard,multiple,What Pokémon's Base Stat Total does not change when it evolves?,Scyther,Pikachu,Sneasel,Larvesta
easy,estimate,"How many times do you fight Gilgamesh in ""Final Fantasy 5""?",6,4,5,3
easy,multiple,"In the ""Hitman"" series, what is the name of the main character?",Agent 47,Agent 27,Agent Smith,Agent 67
medium,multiple,"Which car is NOT featured in ""Need for Speed: Hot Pursuit 2""?",Toyota MR2,Ford Crown Victoria,BMW Z8,McLaren F1
medium,boolean,Metal Gear Solid V: The Phantom Pain runs on the Fox Engine.,True,False,,
hard,multiple,Which one of the following titles by Valve is not based on a Community Mod?,Ricochet,Day of Defeat,Counter-Strike,Alien Swarm
easy,estimate,"What year was the game ""Overwatch"" revealed?",2014,2015,2011,2008
easy,multiple,"In the Super Smash Bros. series, which character was the first one to return to the series after being absent from a previous game?",Dr. Mario,Mewtwo,Lucas,Roy
easy,boolean,Each piece in Tetris is called a tetris.,False,True,,
medium,estimate,"Excluding their instructor, how many members of Class VII are there in the game ""Legend of Heroes: Trails of Cold Steel""?",9,6,10,3
medium,multiple,Which Sonic the Hedgehog game introudced Knuckles the Echidna?,Sonic the Hedgehog 3,Sonic the Hedgehog 2,Sonic & Knuckles,Sonic Adventure
medium,estimate,How many times do you fight the Imprisoned in The Legend of Zelda: Skyward Sword?,3,2,4,5
hard,boolean,Unturned originally started as a Roblox game.,True,False,,
easy,multiple,"Which of the following names is the ""Mega Man"" Franchise known as in Japan?",Rockman,Paperman,Scissorsman,Mega Man
medium,multiple,"Which of these games takes place in the Irish town of Doolin, with the option to play as one of the characters, Ellen and Keats?",Folklore,Shadow of the Colossus,ICO,Beyond Good & Evil
medium,boolean,POLYBIUS is a myth arcade cabinet/game,True,False,,
medium,multiple,"What happened to Half-Life 2 prior to its release, which resulted in Valve starting over the development of the game?",The source code got leaked,They weren't satisfied with the result,The story was not good enough,Way too many bugs to be fixed
medium,boolean,"In the video game ""Transistor"", ""Red"" is the name of the main character.",True,False,,
medium,multiple,"Which game won the ""Games for Impact"" award in The Game Awards 2015?",Life is Strange,Ori and the Blind Forest,Rocket League,Metal Gear Solid V: The Phantom Pain
easy,boolean,Deus Ex (2000) does not feature the World Trade Center because it was destroyed by terrorist attacks according to the game's plot.,True,False,,
easy,multiple,"In Fallout: New Vegas, which one of these casinos can you not play in?",Lucky 38,The Tops,Gammorah,Ultra-Luxe
easy,multiple,Who is the main protagonist in Danganronpa 2: Goodbye Despair?,Hajime Hinata,Nagito Komaeda,Makoto Naegi,Junko Enoshima
hard,multiple,"How long was the World Record Speed Run of Valve Software's ""Half-Life"" that was done in 2014.","20 Minutes, 41 Seconds","45 Minutes, 32 Seconds","5 Minutes, 50 Seconds","12 Minutes, 59 Seconds"
easy,boolean,"In Until Dawn, both characters Sam and Mike cannot be killed under any means until the final chapter of the game.",True,False,,
easy,boolean,There are 2 player roles in Trouble in Terrorist Town.,False,True,,
easy,estimate,In what year was Hearthstone released?,2014,2011,2013,2012
medium,multiple,When was Final Fantasy XV released?,"November 29th, 2016","October 25th, 2016","December 31th, 2016","November 30th, 2016"
medium,multiple,"Which German city does the map ""Clubhouse"" in ""Tom Clancy's Rainbow Six Siege"" take place in?",Hannover,Berlin,Hamburg,Munich
medium,multiple,"In ""Fallout 4"", what is the name of the dog you find at Red Rocket truck stop?",Dogmeat,Sparky,Quazar,Chop
medium,multiple,"Who is the creator of the free, open-source rhythm game 'osu!'?",Dean 'Peppy' Herbert,Daisuke 'Pixel' Amaya,Eric 'ConcernedApe' Barone,Toby 'FwugRadiation' Fox
medium,boolean,"As of February 2019, the ""Donkey Kong Country"" series only had released five games (not counting remakes or ports).",True,False,,
medium,multiple,Which one of these characters was first introduced in Sonic Boom: Rise of Lyric?,Sticks the Badger,Mighty the Armadillo,Espio the Chameleon,Rouge the Bat
easy,multiple,"In ""Rainbow Six: Siege"", which of the following operators cannot breach reinforced walls?",Buck,Thermite,Hibana,Maverick
hard,multiple,"Which artist composed the original soundtrack for ""Watch Dogs 2""?",Hudson Mohawke,Rustie,Machinedrum,Flying Lotus
easy,multiple,"In ""Civilization 5"", which civilization can only settle one city?",Venice,India,Liechtenstein,Portugal
hard,multiple,"In ""Earthbound"", how does one enter ""Master Belch's"" factory?",Wait 3 Minutes,"Enter the password ""Fly Honey""","Enter the password ""Master Belch Rules""","Enter the password ""Mr Saturn Drools"""
hard,multiple,"What vault in the video game ""Fallout 3"" is the home of multiple clones named Gary?",Vault 108,Vault 101,Vault 87,Vault 21
easy,multiple,"In ""Call Of Duty: Zombies"", what is the name of the machine that upgrades weapons?",Pack-A-Punch,Wunderfizz,Gersch Device,Mule Kick
easy,multiple,"In The Elder Scrolls: Oblivion, the horse that goes by the name Shadowmere is given by what guild?",Dark Brotherhood,Thieves,Fighters,Mages
medium,multiple,"Who voices Max Payne in the 2001 game ""Max Payne""?",James McCaffrey,Sam Lake,Troy Baker,Hideo Kojima
hard,multiple,"""Strangereal"" is a fictitious Earth-like world for which game series?",Ace Combat,Jet Set Radio,Deus Ex,Crimson Skies
easy,multiple,Which race in Guild Wars 2 believes in the Eternal Alchemy?,Asura,Humans,Norn,Charr
medium,multiple,"In Terraria, which of these items is NOT crafted at a Mythril Anvil?",Ankh Charm,Venom Staff,Sky Fracture,Orichalcum Tools
medium,multiple,"What is the name of the child performing the Black Sacrament, in The Elder Scrolls V: Skyrim?",Aventus Aretino,Proventus Avenicci,Aval Atheron,Arngeir
medium,multiple,"In ""Call Of Duty: Zombies"", completing which map's easter egg will reward you with the achievement, ""Time Travel Will Tell""?",Shangri-La,Ascension,Moon,Die Rise
medium,multiple,"The walls of the Goldenrod City Gym in ""Pokémon Gold and Silver"" are arranged in the shape of which Pokémon?",Clefairy,Bulbasaur,Pikachu,Pidgey
medium,estimate,How many playable characters were there in Street Fighter II: Champion Edition?,12,16,8,17
hard,multiple,"The Internet Meme ""All your base are belong to us"" is based on the poorly translated English Version of which Video Game?",Zero Wing,F-Zero,Wing Commander,Star Wars: X-Wing
hard,multiple,"In Disney's ""Toontown Online"", which of these species wasn't available as a Toon?",Cow,Monkey,Bear,Pig
hard,multiple,"What is the plane of existence in MicroProse's 1997 ""Magic the Gathering""?",Shandalar,Theros,Ravnica,Amonkhet
hard,multiple,What was the world's first video game?,Draughts,Spacewar!,Pong,Space Travel
medium,multiple,Who was the main antagonist of Max Payne 3 (2012)?,Victor Branco,Álvaro Neves,Armando Becker,Milo Rego
medium,multiple,"In ""Clash Royale"" what is Arena 4 called?",Spell Valley,Barbarian Bowl,P.E.K.K.A's Playhouse,Royal Arena
hard,multiple,Which variant of the MP5 is depicted in Counter-Strike 1.6?,MP5N,MP5SD,MP5K,MP5RAS
easy,multiple,Who is the main antagonist in the Portal franchise?,GLaDOS,Chell,Wheatley,Rick
medium,multiple,Which of these video game series have NOT had a promotional item appear in Team Fortress 2?,Half-Life,Quake,The Binding of Isaac,Fallout
hard,multiple,"According to an interview with ""Super Mario Land 2"" game director Hiroji Kiyotake, what is Wario's favorite food?",Crepes,Pizza,Garlic,Cheese
medium,estimate,How many stars are there to collect in Super Mario 64?,120,60,80,100
easy,multiple,What type of Pokémon is Charizard?,Fire/Flying,Fire,Dragon,Fire/Dragon
easy,multiple,Who is the leader of the Brotherhood of Nod in the Command and Conquer series?,Kane,Joseph Stalin,CABAL,Yuri
medium,boolean,Tony Hawk's Pro Skater was released in 1999.,True,False,,
medium,multiple,"In the Portal series of games, who was the founder of Aperture Science?",Cave Johnson,GLaDOs,Wallace Breen,Gordon Freeman
medium,estimate,How many sets of grandmaster witcher gear are in The Witcher 3's Blood and Wine DLC?,5,3,6,4
medium,multiple,Who is the protagonist in Dead Rising 3?,Nick Ramos,Frank West,Chuck Greene,Isabela Keyes
medium,multiple,The character Wario was first introduced in which game of the Mario video game franchise?,Super Mario Land 2: 6 Golden Coins (1992),Super Mario Bros. 3 (1988),Wario Land: Super Mario Land 3 (1994),Mario Party (1998)
medium,multiple,"In Terraria, which of the following items does the Martian Saucer mini-boss NOT drop?",Drill Containment Unit,Anti-Gravity Hook,Influx Waver,Cosmic Car Key
easy,boolean,"In Terraria, you can craft the Cell Phone pre-hardmode.",True,False,,
hard,multiple,"In Rainbow 6 Siege, what is Ela and Zofia's last name?",Bosak,Kessikbayev,Zenaviev,Melnikova
medium,multiple,"Which of these is the name of a cut enemy from ""Half-Life 2""?",Hydra,Cthulu,Spike,Tremor
easy,multiple,Which of these video game engines was made by the company Epic Games?,Unreal,Unity,Game Maker: Studio,Cry Engine
easy,multiple,"In ""Xenoblade Chronicles 2"", Which party member cannot use normal blades?",Tora,Rex,Zeke,Nia
hard,boolean,"In ""Portal 2"", Cave Johnson started out Aperture Science as a shower curtain company.",True,False,,
easy,boolean,"In Pokémon Sun and Moon, a male Salandit can evolve to a Salazzle.",False,True,,
medium,boolean,"The Fiat Multipla is a drivable car in ""Forza Horizon 3"".",False,True,,
easy,multiple,"Which Greek letter represents the ""Half-Life"" logo?",Lambda,Omega,Alpha,Sigma
easy,multiple,What is the first weapon you acquire in Half-Life?,A crowbar,A pistol,The H.E.V suit,Your fists
easy,multiple,"In the Video Game, Half-life, what type of US military force starts clearing out the Black Mesa Research Facility?",The HECU,Navy Seals,The Combine,The Marines
medium,multiple,"Which of these operators from ""Tom Clancy's Rainbow Six Siege"" has the ability to damage reinforced walls?","Jordan ""Thermite"" Trace","Eliza ""Ash"" Cohen","Seamus ""Sledge"" Cowden","Dominic ""Bandit"" Brunsmeier"
medium,multiple,The original Planetside was released in North America on...,"May 20, 2003","June 17, 2001","September 29, 2003","January 14, 2005"
easy,boolean,"The game ""Pocket Morty"" has a Morty called ""Pocket Mortys Morty""?",True,False,,
easy,multiple,Who is the main character in Metal Gear Rising: Revengeance?,Raiden,Solid Snake,Otacon,Revolver Ocelot
medium,multiple,"In the game ""Red Dead Redemption"", what is the name of John Marston's dog?",Rufus,Rutus,Finn,Apollo
medium,multiple,"What is the first primary weapon the player gets in ""PAYDAY: The Heist""?",AMCAR-4,Brenner 21,Reinbeck,M308
medium,estimate,"How many games are there in the ""Colony Wars"" series for the PlayStation?",3,2,4,5
medium,multiple,"Which of these stages is not playable in ""Super Smash Bros. for Wii U""?",Fountain of Dreams,Bridge of Eldin,75m,Miiverse
medium,multiple,Which is not a playable character in the 2005 video game Killer7?,Frank Smith,Mask de Smith,Dan Smith,Coyote Smith
easy,multiple,"In the game Sonic Forces, which of the following was not from a previous game?",Infinite,Metal Sonic,Zavoc,Chaos
medium,multiple,Which of the following games was not a launch title for the Nintendo Gamecube?,Super Mario Sunshine,Luigi’s Mansion,Star Wars Rogue Squadron II,Disney’s Tarzan Untamed
medium,boolean,"In Half-Life 2, if you play the zombies' speech in reverse, they actually speak coherent English.",True,False,,
medium,multiple,"What was the code name for the ""Nintendo Gamecube""?",Dolphin,Nitro,Revolution,Atlantis
hard,multiple,The creeper in Minecraft was the result of a bug while implementing which creature?,Pig,Zombie,Chicken,Cow
medium,multiple,What two characters from the game Undertale are never in a relationship or not related?,Frisk & Chara,Sans & Papyrus,Toriel & Asgore,Alphys & Undyne
easy,multiple,"In the game Half-Life, which enemy is showcased as the final boss?",The Nihilanth,Dr. Wallace Breen,G-Man,The Gonarch
easy,multiple,"Which Sonic the Hedgehog game was originally supposed to be packaged with Sonic 3, but was cut in half due to time constraints?",Sonic & Knuckles,Sonic 2,Sonic CD,Sonic 3D Blast
easy,multiple,"What is the boss round featured in the ""Call Of Duty: Zombies"" map ""Five""?",The Pentagon Thief,Hellhounds,Jumping Jacks,Napalm Zombie
medium,estimate,What year was the video game streaming platform TwitchTV founded?,2011,2012,2010,2014
hard,multiple,"Which of these characters in ""Undertale"" can the player NOT go on a date with?",Toriel,Papyrus,Undyne,Alphys
medium,multiple,"In the co-op shooter Payday 2, which contact helps you break out Hoxton?",The Dentist,Vlad,The Elephant,The Butcher
easy,multiple,Who in this list is one of the co-founders of Valve?,Gabe Newell,Robin Walker,Marc Laidlaw,Ray Ueno
easy,multiple,Who is the main protagonist of Dead Space?,Isaac Clarke,Commander Shepard,Gordon Freeman,Master Chief
medium,boolean,Nintendo started out as a playing card manufacturer.,True,False,,
easy,estimate,"In what year was the game ""Fallout"" released?",1997,1998,1999,1996
medium,multiple,"In ""Warhammer: End Times - Vermintide"", what is the name of the rat faction you fight in the game?",Skaven,Ratmen,The Horde,Chaos
easy,multiple,"In Need for Speed: Most Wanted (2005), what was the name of the main antagonist?","Clarence ""Razor"" Callahan","Hector ""Ming"" Domingo","Toru ""Bull"" Sato","Karl ""Baron"" Smit"
medium,multiple,"In Fallout: New Vegas, upon starting each one of the four campaign DLCs, which one of them does not have a warning screen/recommended level? ",Honest Hearts ,Old World Blues,Lonesome Road,Dead Money
easy,multiple,"What is the name of the main protagonist in ""Xenoblade Chronicles""?",Shulk,Reyn,Fiora,Dunban
medium,multiple,"In No Man's Sky (as of the Beyond update), what two resources do you need to craft Antimatter?",Condensed Carbon and Chromatic Metal,Starship Launch Fuel and Condensed Carbon,Pure Ferrite and Sodium,Storm Crystal and Antimatter Housing
medium,multiple,"In which location does Dark Sun Gwyndolin reside in ""Dark Souls""?",Anor Londo,Firelink Shrine,Blighttown,Kiln of the first flame
medium,multiple,"Which operation in ""Tom Clancy's Rainbow Six Siege"" introduced the ""Skyscraper"" map?",Red Crow,Velvet Shell,Skull Rain,Dust Line
easy,boolean,"In the Super Mario series, the character Pauline is a Princess like Princess Peach.",False,True,,
medium,multiple,What is the name of the machine that fails and essentially dooms mankind in the beginning of the first Half-Life game?,Anti-mass spectrometer,Oscillation generator,Dark fusion reactor,Dark fusion resonator
easy,multiple,"What were the first two blocks in ""Minecraft""?",Grass and Cobblestone,Grass and Stone,Crafting Table and Cobblestone,Cobblestone and Stone
hard,estimate,How many voice channels does the Super Nintendo Entertainment System support?,8,6,10,12
easy,estimate,"In the 2002 video game ""Kingdom Hearts"", how many Keyblades are usable?",18,13,16,15
easy,boolean,"In Dead Space 2, the 'Hand Cannon' is a large foam finger.",True,False,,
easy,boolean,"In the Mortal Kombat series the ""Deadly Alliance"" consists of Shang Tsung and Quan Chi",True,False,,
medium,multiple,"In the game Overwatch, which hero out of the following 4 is from Brazil?",Lúcio,Sombra,McCree,Symmetra
easy,multiple,"In the videogame Bully, what is the protagonist's last name?",Hopkins,Smith,Kowalski,Crabblesnitch
easy,multiple,Which water-type Pokémon starter was introduced in the 4th generation of the series?,Piplup,Totodile,Oshawott,Mudkip
medium,multiple,"In ""Super Mario World 2: Yoshi's Island"", which of these colors is NOT represented by a Yoshi?",White,Purple,Brown,Red
medium,multiple,The city of Rockport is featured in which of the following video games?,Need for Speed: Most Wanted (2005),Infamous 2,Saints Row: The Third,Burnout Revenge
easy,multiple,"Which Pokemon generation did the fan-named ""Masuda Method"" first appear in? ",Diamond/Pearl,Ruby/Sapphire,Black/White,X/Y
easy,boolean,Luigi is taller than Mario?,True,False,,
medium,multiple,"Why were only only 300,000 copies of Uniracers were produced?","DMA Designs was sued by Pixar, preventing more copies from being produced",There was a disagreement between DMA Designs and Nintendo,It didn't sell well due to poor review scores,No public information is available
medium,multiple,"In Forza Motorsport 6, which of these track-exclusive cars was NOT featured in the game, either originally with the game or added as DLC?",Aston Martin Vulcan,Ferrari FXX-K,McLaren P1 GTR,Lotus E23
easy,multiple,What is the default alias that Princess Garnet goes by in Final Fantasy IX?,Dagger,Dirk,Garnet,Quina
medium,multiple,"In WarioWare: Smooth Moves, which one of these is NOT a Form?",The Hotshot,The Discard,The Elephant,The Mohawk
medium,boolean,"The Ace Attorney trilogy was suppose to end with ""Phoenix Wright: Ace Attorney − Trials and Tribulations"" as its final game.",True,False,,
medium,multiple,In the Kingdom Heart series who provides the english voice for Master Eraqus?,Mark Hamill,Jason Dohring,Jesse McCartney,Haley Joel Osment
medium,estimate,How many Wii consoles were sold worldwide?,"101,630,000","67,000,000","148,000,000","80,000,000"
easy,multiple,What ingredient is NOT used to craft a cake in Minecraft?,Bread,Wheat,Milk,Egg
medium,multiple,What was the first interactive movie video game?,Astron Belt,Dragon's Lair,Cube Quest,M.A.C.H. 3
hard,boolean,"The video game ""Fuel"" has an open world that is 5,560 square miles?",True,False,,
hard,boolean,Danganronpa 2: Goodbye Despair featured all of the surviving students from the first game.,False,True,,
medium,boolean,"In Portal, the Companion Cube's ARE sentient.",True,False,,
medium,multiple,"Which character is from ""Splatoon""?",Marie,Cyrus,Palutena,Shulk
hard,multiple,"In Minecraft, what update did foods like steak become stackable?",Beta 1.8,Alpha 1.2.0,Release 1.12.1,Release 1.7.2
easy,multiple,"Lanky, Funky, and Chunky are all characters featured in which series owned by Nintendo?",Donkey Kong,Mario,Kirby,Zelda
hard,multiple,"In ""Call Of Duty: Zombies"", ""Richtofen"" is in possession of two filled blood vials belonging to who?",Sal DeLuca and Finn O'Leary,Richtofen,Al Arlington and Sal DeLuca,Jessica Rose and Jack Vincent
medium,multiple,Which of these games was NOT a Nintendo Switch launch title in the United States? ,Voez,Just Dance 2017,Snipperclips,Fast RMX
medium,multiple,What is the original name of Final Fantasy XV?,Final Fantasy Versus XIII,Final Fantasy: Reborn,Final Fantasy XVI,Final Fantasy XIII-3
medium,multiple,"In ""Call Of Duty: Zombies"", completing which map's main easter egg will reward you with the achievement, ""High Maintenance""?",Die Rise,Mob Of The Dead,Origins,Ascension
medium,multiple,"In the Fallout: New Vegas add-on Honest Hearts, what is the name of Joshua Graham's personal .45 pistol?",A Light Shining in Darkness,Requiem,Maria,Recompense of the Fallen
medium,estimate,"How many Star Spirits do you rescue in the Nintendo 64 video game ""Paper Mario""?",7,5,10,12
hard,multiple,"In ""Starbound"", according to the asset files, the description of the ""Erchius Ghost"" is the same as which other assets?",Spookit,Petricub,Trictus,Pyromantle
easy,multiple,"In ""PUBATTLEGROUNDS"" which ammo type does the M24 use?",7.62mm,5.56mm,9mm,.300 Magnum
medium,multiple,"In Portal, what color is the Morality Core?",Purple,Red,Yellow,Blue
easy,boolean,"In ""Space Station 13"",  the station has a clown aboard it.",True,False,,
medium,multiple,Who was the first female protagonist in a video game?,Samus Aran,Lara Croft,Alis Landale,Chell
medium,multiple,Who composed the soundtrack for the game VVVVVV?,Magnus Pålsson,Terry Cavanagh,Danny Baranowsky,Joel Zimmerman
medium,multiple,"Which of these ""Worms"" games featured 3D gameplay?",Worms 4: Mayhem,Worms W.M.D,Worms Reloaded,Worms: Open Warfare 2
medium,multiple,"What is the name of the first level in ""Call of Duty: World at War""?",Semper Fi,Ring of Steel,Vendetta,Eviction
easy,boolean,"In ""Super Mario 64"", collecting 100 coins on a level will give you a 1-UP.",False,True,,
medium,multiple,"In ""PUBATTLEGROUNDS"" what is the name of the Military Base island?",Sosnovka,Novorepnoye,Mylta,Yasnaya
hard,multiple,"In the PAYDAY series, where did Dallas start his criminal career?","Chicago, Illinois","Dallas, Texas","New York City, New York","Boston, Massachusetts"
medium,multiple,"In the ""Portal"" series, who was Cave Johnson's personal assistant?",Caroline,Heather,Melissa,Jane
easy,multiple,"In Dota 2, Wraith King was previously known as...",Skeleton King,Reaper King,Skull King,Hell King
hard,boolean,Super Mario and Paarthurnax (Skyrim) are voiced by the same actor.,True,False,,
hard,multiple,What is the name of the alien species introduced in Shadow the Hedgehog (2005)?,Black Arms,The Swarm,Black Hive,The Eclipse
medium,multiple,"In Night in the Woods, which instrument did Casey play?",Drums,Bass,Piano,Sax
medium,multiple,"Which of these is NOT a playable character race in the video game ""Starbound""?",Fenerox,Floran,Novakid,Hylotl
easy,boolean,In Kingdom Hearts the Paopu fruit is said to intertwine the destinies for two people forever.,True,False,,
medium,multiple,Which of these is NOT the name of a team leader in Pokémon GO?,Leif,Blanche,Spark,Candela
medium,multiple,"In Touhou 12: Undefined Fantastic Object, which of these was not a playable character?",Izayoi Sakuya,Hakurei Reimu,Kirisame Marisa,Kochiya Sanae
easy,multiple,Which Mario spin-off game did Waluigi make his debut?,Mario Tennis,Mario Party 3,Mario Kart: Double Dash!!,Mario Golf: Toadstool Tour
easy,multiple,What was the name of the cancelled sequel of Team Fortress?,Team Fortress 2: Brotherhood of Arms,Team Fortress 2: Desert Mercenaries,Team Fortress 2: Operation Gear Grinder,Team Fortress 2: Return to Classic
medium,multiple,Who is the English voice actor for Sora from the Kingdom Hearts series?,Haley Joel Osment,Kōki Uchiyama,Jesse McCartney,Miyu Irino
hard,multiple,"In the Nintendo Game Splatoon 2, what is Marina's screen name?",DJ_Hyperfresh,MC.princess,Kidnotsquid123,I<30ffTh3H00k
easy,estimate,"In World of Warcraft, What was the original level cap?",60,70,50,100
medium,estimate,The first version of Blockland came out in which year?,2004,2007,2008,2006
hard,multiple,How many copies of the notorious E.T. game for the Atari 2600 did Atari end up selling?,1.5 Million,1 Million,250 Thousand,Less than 250 Thousand
medium,multiple,What was the first Game released using the Build Engine?,Witchaven,DOOM,Duke Nukem 3D,William Shatner's Tekwar
easy,multiple,What war is Call Of Duty: Black Ops based on?,Cold War,WW3,Vietnam,WW1
medium,multiple,Which of these characters was NOT planned to be playable for Super Smash Bros. 64?,Peach,Bowser,Mewtwo,King Dedede
hard,multiple,"Which video game was recalled for containing a hidden, playable South Park episode?",Tiger Woods 99 PGA Tour,Tony Hawk's Pro Skater 3,Sonic Adventure,Madden 99
easy,multiple,"What was the release date of ""Grand Theft Auto IV""?","April 29, 2008","May 21, 2009","June 22, 2010","July 28, 2008"
hard,multiple,"In the ""Halo"" series, what is the name of the race of aliens humans refer to as ""Grunts""?",Unggoy,Huragok,Sangheili,Yanme'e
easy,multiple,"Blinky, Pinky, Inky and Clyde are characters from which classic video game?",Pac-Man,Gauntlet,Space Invaders,Street Fighter
medium,estimate,"In ""FTL: Faster Than Light"", how many races are there, including the Lanius?",8,9,7,10
medium,multiple,Which of these is not the name of a city in the Grand Theft Auto series?,San Andreas,San Fierro,Las Venturas,Vice City
easy,multiple,Which psychopath(s) in Dead Rising 1 gave you the small chainsaw?,Adam the Clown,Cliff Hudson,The convicts,Larry the butcher
medium,multiple,"In ""The Binding of Isaac"", what is the name of the final boss that you fight in The Void?",Delirium,Mega Satan,Hush,The Lamb
medium,boolean,"""Metal Gear Solid 3: Snake Eater"" takes place on Shadow Moses Island.",False,True,,
easy,boolean,Peter Molyneux was the founder of Bullfrog Productions.,True,False,,
hard,multiple,Which of these Pokemon is NOT exclusively female?,Clefairy,Salazzle,Mandibuzz,Illumise
easy,multiple,What is the name of the adventurer you meet at the mines in Stardew Valley?,Marlon,Marnie,Morris,Marvin
medium,multiple,"In which order do you need to hit some Deku Scrubs to open the first boss door in ""Ocarina of Time""?","2, 3, 1","1, 2, 3","1, 3, 2","2, 1, 3"
easy,multiple,Who is the last boss in Night In The Woods' Demontower minigame?,The Blood Thief,Mega Hairball ,King Skellie ,Krampus 
medium,multiple,What is the full name of the protagonist from the SNES game Clock Tower?,Jennifer Simpson,Jennifer Barrows,Jennifer Cartwright,Jennifer Maxwell
hard,multiple,"In the ""Devil May Cry"" franchise, which game is chronologically first?",Devil May Cry 3: Dante's Awakening ,Devil May Cry 4,Devil May Cry,Devil May Cry 2
easy,multiple,"In the Assassin's Creed series,what was the name of Desmond Miles given by Abstergo?",Subject 17,Subject 16,Subject 18,Altaïr Ibn-La'Ahad
hard,multiple,"What military rank is the protagonist ""Nomad"" in ""Crysis""?",First Lieutenant,Captain,First Sargent ,Staff Sargent
medium,multiple,"What name did ""Mario"", from ""Super Mario Brothers"", originally have?",Ossan,Jumpman,Mr. Video,Mario
hard,multiple,"In the ""Call Of Duty: Zombies"" map ""Origins"", where is ""Stamin-Up"" located?",Generator 5,Generator 3,Generator 4,Excavation Site
easy,multiple,Which company developed the free battle royale game Fortnite?,Epic Games,Valve,Ubisoft,Square Enix
medium,multiple,"In the game series ""The Legend of Zelda"", what was the first 3D game?",Ocarina of Time,Majora's Mask,A Link to the Past,The Wind Waker
medium,multiple,"What type of genre is the controversial 2015 game ""Hatred""?",Shoot 'Em Up,Point & Click,MMORPG,Simulation
medium,multiple,Who is the half-demon character in Divinity: Original Sin 2 who you talk to to transition between acts?,Malady,Meister Siva,Gawin,Exter
medium,multiple,"What is not a playable race in ""Final Fantasy XIV: A Realm Reborn""?",Hume,Miqo'te,Lalafell,Roegadyn
medium,multiple,"Without enchantments, which pickaxe in minecraft mines blocks the quickest.",Golden ,Diamond,Iron,Obsidian
hard,multiple,What is the homeworld of the Elites from Halo?,Sanghelios,Te,Doisac,Eayn
hard,multiple,In which video game did Michael Fassbender star?,Fable 3,Call of Duty: Modern Warfare,Assassin's Creed 3,Red Dead Redemption
hard,multiple,What programming language does the Source Engine use?,C++ ,Python,Java,Lua
medium,multiple,"In the MMO RPG ""Realm of the Mad God"", what class is known for having the highest possible defense?",The Knight,The Wizard,The Archer,The Warrior
hard,multiple,"What was the first ""Call Of Duty: Zombies"" map to be directed by Jason Blundell?",Mob Of The Dead,Buried,Origins,Moon
medium,multiple,"What is the full name of the protagonist from the indie adventure game ""Night in the Woods""?",Margaret Borowski,Marlena Woborski,Milena Catharina,Katia Managan
medium,multiple,"Who is the protagonist of the videogame ""Dead Rising 2""?",Chuck Greene,Nick Ramos,Frank West,Katie Greene
hard,multiple,"Which is the model number of the common laser rifle found in Fallout 3, Fallout: New Vegas, and Fallout 4?",AER9,AER10,AER12,AER14
medium,multiple,"Who is the villain company in ""Stardew Valley""?",Joja Co ,Ronin,Empire,Robotnik Industry's 
easy,multiple,"What power does Max Caulfield from ""Life is Strange"" have?",Rewinding Time,Invisibility,Telepathy,Super Strength
medium,multiple,Which of these Fortnite emotes does NOT involve a sport in some way?,Freestylin',Red Card,Kick Ups,Baller
easy,multiple,What was the original name of Crash Bandicoot?,Willie Wombat,Coco Bandicoot,Marvelous Mole,Wally Wombat
easy,multiple,"In the game ""Hearthstone"", what is the best rank possible?",Rank 1 Legend,Rank 1 Elite,Rank 1 Master,Rank 1 Supreme
easy,estimate,"As of the year 2026, how many known moons does Jupiter have?",97,11,43,104
easy,multiple,Which of these is NOT a map included in the game Counter-Strike: Global Offensive?,Oilrig,Assault,Mirage,Cache
medium,estimate,"How many regular Sunken Sea Scrolls are there in ""Splatoon""?",27,32,30,5
hard,multiple,"What Touhou Project character's first ever appearance was as a midboss in the eighth game, Imperishable Night?",Tewi Inaba,Mystia Lorelei,Kaguya Houraisan,Rumia
easy,boolean,"The Mann Co. Store from Team Fortress 2 has the slogan ""We hire mercenaries and get in fights"".",False,True,,
medium,multiple,Which episode of the Phantasy Star Online series is exclusive to the Nintendo Gamecube?,Episode III,Episode I,Episode II,Episode IV
medium,multiple,"Who is the developer of the game ""Rocket League""?",Psyonix,People can fly,Digital Happiness,Roll7
medium,multiple,"In the Halo series, what fleet was Thel 'Vadam supreme commander of before being branded an Arbiter?",Fleet of Particular Justice,Fleet of Sacred Consecration,Fleet of Furious Redemption,Fleet of Righteous Vigilance
hard,boolean,Grand Theft Auto V is the fifteenth installment of the Grand Theft Auto series.,True,False,,
easy,boolean,"In ""Undertale"", the main character of the game is Sans.",False,True,,
medium,multiple,"Which company developed the video game ""Borderlands""?",Gearbox Software,2K Games,Activision,Rockstar Games
hard,multiple,"In World of Warcraft lore, which of the following is known as the God of Spiders in the troll's loa beliefs?",Elortha no Shadra,Bwonsamdi,Hakkar,Shirvallah
medium,multiple,What was the first Call of Duty game to include the Zombies gamemode?,Call of Duty: World at War,Call of Duty: Black Ops,Call of Duty: Modern Warfare 2,Call of Duty: Black Ops III
hard,boolean,"In ""The Sims"" series, the most members in a household you can have is 8.",True,False,,
hard,multiple,What animal is on Link's pajamas in The Legend of Zelda: The Wind Waker?,Crawfish,Lobster,Salmon,Swordfish
medium,multiple,"In ""Overwatch,"" what is the hero McCree's full name?",Jesse McCree,"Jack ""McCree"" Morrison",Gabriel Reyes,"Jamison ""Deadeye"" Fawkes"
easy,multiple,In which series of games do you collect souls to empower you and buy weaponry and armor with?,Souls ,Final Fantasy ,Monster Hunter,The Legend of Zelda
hard,multiple,Which car did not appear in the 2002 Lego Game: Drome Racers?,Wasp,Raptor,Hornet,Behemoth
hard,multiple,"In the original ""Super Mario Bros."", what is the acceleration of Mario if he was in free fall?",91.28 m/s^2,110  m/s^2,9.42  m/s^2,4.4  m/s^2
hard,multiple,What was the name of Sonic the Hedgehog's original human girlfriend?,Madonna,Celeste,Sierra,Nina
medium,multiple,What were the first two Pokémon games released?,Red and Green,Red and Blue,Green and Blue,Red and Yellow
medium,boolean,"In ""Call Of Duty: Zombies"", you can upgrade the ""Apothicon Servant"" in the ""Shadows Of Evil"" map.",False,True,,
easy,multiple,Who's the voice actor for Thrall in the Warcraft game series?,Chris Metzen,Ben Affleck,Jason Derulo,Jim Carrey
medium,multiple,"In the game ""Persona 4"", what is the canonical name of the protagonist?",Yu Narukami,Chino Mashido,Tunki Sunada,Masaki Narinaka
hard,multiple,"In World of Warcraft, which raid instance features a chess event?",Karazhan,Zul'Aman,Blackwing Lair,Temple of Ahn'Qiraj
easy,boolean,Watch_Dogs 2 is a prequel.,False,True,,
easy,boolean,"In Team Fortress 2, being disguised as a scout or medic results in a speed boost.",False,True,,
medium,multiple,"What is the name of the currency in the ""Animal Crossing"" series?",Bells,Sea Shells,Leaves,Bugs
hard,multiple,What major event caused the events of Half-Life 1?,The Resonance Cascade ,The Blue Shift,The Seven Hour War,The Narbacular Drop
easy,boolean,"The name of the main character of the video game ""The Legend of Zelda"", is Zelda.",False,True,,
medium,multiple,"Which of these is not one of Dracula's relics found in the video game ""Castlevania II: Simon's Quest""?",The Tooth,The Nail,The Eyeball,The Rib Bone
hard,multiple,What are the chances of being dealt a Royal Flush within Poker/Video Poker?,"1 in 649,740","1 in 763,302","1 in 499,304","1 in 311,875,200"
medium,boolean,"Hidden in the files for ""Mario Kart Arcade GP"" is a picture of the Beslan school hostage crisis.",True,False,,
easy,multiple,"In Danganronpa: Trigger Happy Havoc, what is the protagonist's name?",Makoto Naegi,Hajime Hinata,Nagito Komaeda,Komaru Naegi
medium,estimate,In what year were achivements added to Steam?,2007,2008,2009,2006
easy,multiple,What is the name of a popular franchise that includes placing blocks down and surviving in an open world? ,Minecraft,Unturned,Roblox,Grand Theft Auto V
easy,boolean,Super Mario Bros. was the first video game ever created.,False,True,,
easy,boolean,"""Resident Evil 7"" is the first first-person Resident Evil game.",False,True,,
easy,multiple,Which company did Gabe Newell work at before founding Valve Corporation?,Microsoft,Apple,Google,Yahoo
medium,boolean,"In Rocket League, you can play Basketball.",True,False,,
medium,multiple,Who was the first jedi that Starkiller had to kill in Star Wars: The Force Unleashed?,Rahm Kota,Ahsoka Tano,Kazdan Paratus,Kento Marek
medium,multiple,Phil Fish was the designer of which game?,Fez,Super Meat Boy,Hotline Miami,FTL
hard,multiple,"Which monster in ""Monster Hunter Tri"" was causing earthquakes in Moga Village?",Ceadeus,Alatreon,Rathalos,Lagiacrus
easy,multiple,Which of these is NOT a playable character in the 2016 video game Overwatch?,Invoker,Mercy,Winston,Zenyatta
easy,multiple,Which of these is a type of monster found in Minecraft?,Skeleton,Werewolf,Vampire,Minotaur
easy,multiple,The starting pistol of the Terrorist team in a competitive match of Counter Strike: Global Offensive is what?,Glock-18,Tec-9,Desert Eagle,Dual Berretas
medium,boolean,Amazon acquired Twitch in August 2014 for $970 million dollars.,True,False,,
medium,multiple,"In the ""Ace Attorney"" series, what is the relationship between Apollo Justice and Trucy Wright?",They're half-siblings,They're co-workers,They're friends,They're both attorneys
medium,multiple,"Which horror movie had a sequel in the form of a video game released in August 20, 2002?",The Thing,The Evil Dead,Saw,Alien
easy,multiple,"In the lore of the PAYDAY series, which criminal was arrested and then latered rescued by the PAYDAY gang?",Hoxton,Dallas,Wolf,Chains
hard,multiple,"Which game in the ""Halo"" series has the strongest iteration of the shotgun?",Halo: Combat Evolved,Halo 2,Halo 3,Halo: Reach
medium,multiple,"Psych-Horror ""Eternal Darkness: Sanity's Requiem"", developed by Silicon Knights in 2002, was published by who and on what platform?",Nintendo® Co. Ltd. | GameCube™,Sony® Computer Entertainment™ Inc. | PlayStation® 2,Microsoft® Game Studios™ | XBox™,Sega® Enterprises Co. Ltd. | Dreamcast™
medium,multiple,"Which Overwatch character says the line ""Heroes never die!""?",Mercy,Reaper,Sonic,Ana
medium,multiple,"In the 2015 RPG ""Undertale"", which character do you first encounter after falling down into the underground?",Flowey,Toriel,Sans,Papyrus
medium,multiple,What mainly favored rifle is used by the Terrorists in Counter Strike: Global Offensive?,AK-47,AK-74,M4A4,CZ-75 AUTO
medium,multiple,"Which of the following characters is NOT playable in ""Resident Evil 6""?",Jill Valentine,Chris Redfield,Sherry Birkin,Helena Harper
medium,multiple,"Which one of the following actors did not voice a character in ""Saints Row: The Third""?",Ron Jeremy,Sasha Grey,Burt Reynolds,Hulk Hogan
medium,boolean,"In ""Starbound"", the track played by the Decorated Music Box is named ""Atlas"".",True,False,,
hard,estimate,How many people can you recruit in the game Suikoden in a single playthrough?,107,108,93,96
medium,estimate,In what year did Microsoft release the original Xbox console in North America?,2001,1998,2003,1996
hard,multiple,"Which game in the ""Monster Hunter"" series introduced the monster ""Gobul""?",Monster Hunter Tri,Monster Hunter Freedom Unite,Monster Hunter Frontier,Monster Hunter Generations
